2021-06-03,2021-06-04,2021-06-05,2021-06-06,2021-06-07,2021-06-08,2021-06-09,2021-06-10,2021-06-11,2021-06-12,2021-06-13,2021-06-14,2021-06-15,2021-06-16,2021-06-17,2021-06-18,2021-06-19,2021-06-20,2021-06-21,2021-06-22,2021-06-23,2021-06-24,2021-06-25 09:01:32.596847,2021-06-26 09:00:02.149028,2021-06-27 09:01:02.076600,2021-06-28 09:00:02.546425,2021-06-29 09:00:02.390576,2021-06-30 09:00:02.206113,2021-07-01 09:00:02.487025,2021-07-02 09:00:01.875462,2021-07-03 09:01:49.165191
"1, Måneskin, ZITTI E BUONI","1, Måneskin, ZITTI E BUONI","1, Måneskin, ZITTI E BUONI","1, Måneskin, ZITTI E BUONI","1, Måneskin, ZITTI E BUONI","1, Dzharakhov, Я в моменте","1, Dzharakhov, Я в моменте","1, Dzharakhov, Я в моменте","1, Dzharakhov, Я в моменте","1, Dzharakhov, Я в моменте","1, Dzharakhov, Я в моменте","1, Dzharakhov, Я в моменте","1, Dzharakhov, Я в моменте","1, Dzharakhov, Я в моменте","1, Dzharakhov, Я в моменте","1, Dzharakhov, Я в моменте","1, Dzharakhov, Я в моменте","1, Dzharakhov, Я в моменте","1, Dzharakhov, Я в моменте","1, Dzharakhov, Я в моменте","1, Dzharakhov, Я в моменте","1, Dzharakhov, Я в моменте","1, Dzharakhov, Я в моменте","1, Dzharakhov, Я в моменте","1, Egor Kreed, ЗДРАВСТВУЙТЕ (feat. OG Buda)","1, Egor Kreed, ЗДРАВСТВУЙТЕ (feat. OG Buda)","1, Egor Kreed, ЗДРАВСТВУЙТЕ (feat. OG Buda)","1, Egor Kreed, ЗДРАВСТВУЙТЕ (feat. OG Buda)","1, Egor Kreed, ЗДРАВСТВУЙТЕ (feat. OG Buda)","1, Egor Kreed, ЗДРАВСТВУЙТЕ (feat. OG Buda)","1, Egor Kreed, ЗДРАВСТВУЙТЕ (feat. OG Buda)"
"2, Måneskin, I WANNA BE YOUR SLAVE","2, Måneskin, I WANNA BE YOUR SLAVE","2, Måneskin, I WANNA BE YOUR SLAVE","2, Dzharakhov, Я в моменте","2, Dzharakhov, Я в моменте","2, Måneskin, ZITTI E BUONI","2, Måneskin, ZITTI E BUONI","2, Måneskin, ZITTI E BUONI","2, Måneskin, ZITTI E BUONI","2, Måneskin, ZITTI E BUONI","2, Måneskin, ZITTI E BUONI","2, Måneskin, ZITTI E BUONI","2, Måneskin, ZITTI E BUONI","2, Måneskin, ZITTI E BUONI","2, Måneskin, ZITTI E BUONI","2, Måneskin, ZITTI E BUONI","2, Måneskin, ZITTI E BUONI","2, Måneskin, ZITTI E BUONI","2, Måneskin, ZITTI E BUONI","2, Måneskin, ZITTI E BUONI","2, Måneskin, ZITTI E BUONI","2, Måneskin, ZITTI E BUONI","2, Måneskin, ZITTI E BUONI","2, Måneskin, ZITTI E BUONI","2, SLAVA MARLOW, CAMRY 3.5","2, SLAVA MARLOW, CAMRY 3.5","2, Dzharakhov, Я в моменте","2, Dzharakhov, Я в моменте","2, Dzharakhov, Я в моменте","2, Dzharakhov, Я в моменте","2, Dzharakhov, Я в моменте"
"3, MORGENSHTERN, SHOW","3, MORGENSHTERN, SHOW","3, MORGENSHTERN, SHOW","3, Måneskin, I WANNA BE YOUR SLAVE","3, Måneskin, I WANNA BE YOUR SLAVE","3, Måneskin, I WANNA BE YOUR SLAVE","3, Måneskin, I WANNA BE YOUR SLAVE","3, Måneskin, I WANNA BE YOUR SLAVE","3, Måneskin, I WANNA BE YOUR SLAVE","3, Måneskin, I WANNA BE YOUR SLAVE","3, Måneskin, I WANNA BE YOUR SLAVE","3, Måneskin, I WANNA BE YOUR SLAVE","3, Måneskin, I WANNA BE YOUR SLAVE","3, Måneskin, I WANNA BE YOUR SLAVE","3, Måneskin, I WANNA BE YOUR SLAVE","3, Måneskin, I WANNA BE YOUR SLAVE","3, Måneskin, I WANNA BE YOUR SLAVE","3, BRANYA, Пополам","3, BRANYA, Пополам","3, BRANYA, Пополам","3, Måneskin, I WANNA BE YOUR SLAVE","3, Måneskin, I WANNA BE YOUR SLAVE","3, Måneskin, I WANNA BE YOUR SLAVE","3, Måneskin, I WANNA BE YOUR SLAVE","3, Dzharakhov, Я в моменте","3, Dzharakhov, Я в моменте","3, SLAVA MARLOW, CAMRY 3.5","3, SLAVA MARLOW, CAMRY 3.5","3, SLAVA MARLOW, CAMRY 3.5","3, SLAVA MARLOW, CAMRY 3.5","3, SLAVA MARLOW, CAMRY 3.5"
"4, Måneskin, CORALINE","4, Måneskin, CORALINE","4, MORGENSHTERN, Cristal & МОЁТ (feat. SODA LUV & blago white & OG Buda & MAYOT) - Remix","4, kizaru, Moulin Rouge (feat. JABO)","4, MORGENSHTERN, SHOW","4, MORGENSHTERN, SHOW","4, MORGENSHTERN, SHOW","4, MORGENSHTERN, SHOW","4, MORGENSHTERN, SHOW","4, MORGENSHTERN, Cristal & МОЁТ (feat. SODA LUV & blago white & OG Buda & MAYOT) - Remix","4, MORGENSHTERN, Cristal & МОЁТ (feat. SODA LUV & blago white & OG Buda & MAYOT) - Remix","4, MORGENSHTERN, Cristal & МОЁТ (feat. SODA LUV & blago white & OG Buda & MAYOT) - Remix","4, MORGENSHTERN, Cristal & МОЁТ (feat. SODA LUV & blago white & OG Buda & MAYOT) - Remix","4, MORGENSHTERN, Cristal & МОЁТ (feat. SODA LUV & blago white & OG Buda & MAYOT) - Remix","4, Måneskin, Beggin'","4, Måneskin, Beggin'","4, MORGENSHTERN, ARISTOCRAT","4, Måneskin, I WANNA BE YOUR SLAVE","4, Måneskin, I WANNA BE YOUR SLAVE","4, Måneskin, I WANNA BE YOUR SLAVE","4, MORGENSHTERN, ARISTOCRAT","4, MORGENSHTERN, ARISTOCRAT","4, MORGENSHTERN, ARISTOCRAT","4, BRANYA, Пополам","4, BRANYA, Пополам","4, BRANYA, Пополам","4, BRANYA, Пополам","4, BRANYA, Пополам","4, BRANYA, Пополам","4, BRANYA, Пополам","4, BRANYA, Пополам"
"5, MORGENSHTERN, Cristal & МОЁТ (feat. SODA LUV & blago white & OG Buda & MAYOT) - Remix","5, MORGENSHTERN, Cristal & МОЁТ (feat. SODA LUV & blago white & OG Buda & MAYOT) - Remix","5, Måneskin, CORALINE","5, MORGENSHTERN, SHOW","5, MORGENSHTERN, Cristal & МОЁТ (feat. SODA LUV & blago white & OG Buda & MAYOT) - Remix","5, MORGENSHTERN, Cristal & МОЁТ (feat. SODA LUV & blago white & OG Buda & MAYOT) - Remix","5, MORGENSHTERN, Cristal & МОЁТ (feat. SODA LUV & blago white & OG Buda & MAYOT) - Remix","5, MORGENSHTERN, Cristal & МОЁТ (feat. SODA LUV & blago white & OG Buda & MAYOT) - Remix","5, MORGENSHTERN, Cristal & МОЁТ (feat. SODA LUV & blago white & OG Buda & MAYOT) - Remix","5, MORGENSHTERN, SHOW","5, MORGENSHTERN, SHOW","5, DEAD BLONDE, Мальчик на девятке","5, MORGENSHTERN, SHOW","5, Måneskin, Beggin'","5, MORGENSHTERN, Cristal & МОЁТ (feat. SODA LUV & blago white & OG Buda & MAYOT) - Remix","5, MORGENSHTERN, Cristal & МОЁТ (feat. SODA LUV & blago white & OG Buda & MAYOT) - Remix","5, Måneskin, Beggin'","5, MORGENSHTERN, ARISTOCRAT","5, MORGENSHTERN, ARISTOCRAT","5, MORGENSHTERN, ARISTOCRAT","5, BRANYA, Пополам","5, BRANYA, Пополам","5, BRANYA, Пополам","5, MORGENSHTERN, ARISTOCRAT","5, Måneskin, ZITTI E BUONI","5, Måneskin, ZITTI E BUONI","5, Måneskin, ZITTI E BUONI","5, Måneskin, I WANNA BE YOUR SLAVE","5, Måneskin, I WANNA BE YOUR SLAVE","5, Måneskin, I WANNA BE YOUR SLAVE","5, Måneskin, I WANNA BE YOUR SLAVE"
"6, MORGENSHTERN, ARISTOCRAT","6, MORGENSHTERN, ARISTOCRAT","6, BTS, Butter","6, MORGENSHTERN, Cristal & МОЁТ (feat. SODA LUV & blago white & OG Buda & MAYOT) - Remix","6, DEAD BLONDE, Мальчик на девятке","6, DEAD BLONDE, Мальчик на девятке","6, Måneskin, Beggin'","6, Måneskin, Beggin'","6, Måneskin, Beggin'","6, Måneskin, Beggin'","6, DEAD BLONDE, Мальчик на девятке","6, MORGENSHTERN, SHOW","6, Måneskin, Beggin'","6, MORGENSHTERN, SHOW","6, MORGENSHTERN, SHOW","6, MORGENSHTERN, ARISTOCRAT","6, MORGENSHTERN, Cristal & МОЁТ (feat. SODA LUV & blago white & OG Buda & MAYOT) - Remix","6, Måneskin, Beggin'","6, Måneskin, Beggin'","6, Måneskin, Beggin'","6, Måneskin, Beggin'","6, Måneskin, Beggin'","6, Måneskin, Beggin'","6, Måneskin, Beggin'","6, Måneskin, I WANNA BE YOUR SLAVE","6, Måneskin, I WANNA BE YOUR SLAVE","6, Måneskin, I WANNA BE YOUR SLAVE","6, Måneskin, ZITTI E BUONI","6, Måneskin, ZITTI E BUONI","6, Måneskin, Beggin'","6, Måneskin, Beggin'"
"7, LOVV66, Трап Трап","7, LOVV66, Трап Трап","7, DEAD BLONDE, Мальчик на девятке","7, GONE.Fludd, Плохая Сука","7, Måneskin, CORALINE","7, Måneskin, Beggin'","7, DEAD BLONDE, Мальчик на девятке","7, DEAD BLONDE, Мальчик на девятке","7, DEAD BLONDE, Мальчик на девятке","7, DEAD BLONDE, Мальчик на девятке","7, Måneskin, Beggin'","7, Måneskin, Beggin'","7, DEAD BLONDE, Мальчик на девятке","7, DEAD BLONDE, Мальчик на девятке","7, BRANYA, Пополам","7, MORGENSHTERN, SHOW","7, MORGENSHTERN, SHOW","7, MORGENSHTERN, Cristal & МОЁТ (feat. SODA LUV & blago white & OG Buda & MAYOT) - Remix","7, MORGENSHTERN, Cristal & МОЁТ (feat. SODA LUV & blago white & OG Buda & MAYOT) - Remix","7, MORGENSHTERN, Cristal & МОЁТ (feat. SODA LUV & blago white & OG Buda & MAYOT) - Remix","7, MORGENSHTERN, Cristal & МОЁТ (feat. SODA LUV & blago white & OG Buda & MAYOT) - Remix","7, MORGENSHTERN, Cristal & МОЁТ (feat. SODA LUV & blago white & OG Buda & MAYOT) - Remix","7, MORGENSHTERN, Cristal & МОЁТ (feat. SODA LUV & blago white & OG Buda & MAYOT) - Remix","7, MORGENSHTERN, Cristal & МОЁТ (feat. SODA LUV & blago white & OG Buda & MAYOT) - Remix","7, MORGENSHTERN, ARISTOCRAT","7, Måneskin, Beggin'","7, Måneskin, Beggin'","7, Måneskin, Beggin'","7, Måneskin, Beggin'","7, Måneskin, ZITTI E BUONI","7, Måneskin, ZITTI E BUONI"
"8, DEAD BLONDE, Мальчик на девятке","8, DEAD BLONDE, Мальчик на девятке","8, MORGENSHTERN, ARISTOCRAT","8, DEAD BLONDE, Мальчик на девятке","8, Måneskin, Beggin'","8, Måneskin, CORALINE","8, Måneskin, CORALINE","8, HammAli & Navai, Птичка","8, HammAli & Navai, Птичка","8, HammAli & Navai, Птичка","8, Yanix, Стейк","8, HammAli & Navai, Птичка","8, HammAli & Navai, Птичка","8, HammAli & Navai, Птичка","8, DEAD BLONDE, Мальчик на девятке","8, BRANYA, Пополам","8, BRANYA, Пополам","8, MORGENSHTERN, SHOW","8, DEAD BLONDE, Мальчик на девятке","8, MORGENSHTERN, SHOW","8, MORGENSHTERN, SHOW","8, HammAli & Navai, Птичка","8, HammAli & Navai, Птичка","8, HammAli & Navai, Птичка","8, Måneskin, Beggin'","8, MORGENSHTERN, ARISTOCRAT","8, MORGENSHTERN, ARISTOCRAT","8, MORGENSHTERN, ARISTOCRAT","8, MORGENSHTERN, ARISTOCRAT","8, MORGENSHTERN, ARISTOCRAT","8, MORGENSHTERN, ARISTOCRAT"
"9, BTS, Butter","9, BTS, Butter","9, LOVV66, Трап Трап","9, Måneskin, CORALINE","9, MORGENSHTERN, ARISTOCRAT","9, MORGENSHTERN, ARISTOCRAT","9, BTS, Butter","9, Måneskin, CORALINE","9, LOVV66, Трап Трап","9, LOVV66, Трап Трап","9, HammAli & Navai, Птичка","9, Lil Nas X, MONTERO (Call Me By Your Name)","9, Lil Nas X, MONTERO (Call Me By Your Name)","9, BRANYA, Пополам","9, HammAli & Navai, Птичка","9, DEAD BLONDE, Мальчик на девятке","9, DEAD BLONDE, Мальчик на девятке","9, HammAli & Navai, Птичка","9, MORGENSHTERN, SHOW","9, DEAD BLONDE, Мальчик на девятке","9, HammAli & Navai, Птичка","9, MORGENSHTERN, SHOW","9, MORGENSHTERN, SHOW","9, MORGENSHTERN, SHOW","9, MORGENSHTERN, Cristal & МОЁТ (feat. SODA LUV & blago white & OG Buda & MAYOT) - Remix","9, MORGENSHTERN, Cristal & МОЁТ (feat. SODA LUV & blago white & OG Buda & MAYOT) - Remix","9, MORGENSHTERN, Cristal & МОЁТ (feat. SODA LUV & blago white & OG Buda & MAYOT) - Remix","9, MORGENSHTERN, Cristal & МОЁТ (feat. SODA LUV & blago white & OG Buda & MAYOT) - Remix","9, MORGENSHTERN, Cristal & МОЁТ (feat. SODA LUV & blago white & OG Buda & MAYOT) - Remix","9, MORGENSHTERN, Cristal & МОЁТ (feat. SODA LUV & blago white & OG Buda & MAYOT) - Remix","9, MORGENSHTERN, Cristal & МОЁТ (feat. SODA LUV & blago white & OG Buda & MAYOT) - Remix"
"10, MORGENSHTERN, ДУЛО","10, MORGENSHTERN, ДУЛО","10, MORGENSHTERN, ДУЛО","10, LOVV66, Трап Трап","10, LOVV66, Трап Трап","10, BTS, Butter","10, MORGENSHTERN, ARISTOCRAT","10, LOVV66, Трап Трап","10, Miyagi & Andy Panda, Патрон","10, Miyagi & Andy Panda, Патрон","10, LOVV66, Трап Трап","10, Miyagi & Andy Panda, Патрон","10, Miyagi & Andy Panda, Патрон","10, Lil Nas X, MONTERO (Call Me By Your Name)","10, MORGENSHTERN, ARISTOCRAT","10, HammAli & Navai, Птичка","10, HammAli & Navai, Птичка","10, DEAD BLONDE, Мальчик на девятке","10, HammAli & Navai, Птичка","10, HammAli & Navai, Птичка","10, DEAD BLONDE, Мальчик на девятке","10, DEAD BLONDE, Мальчик на девятке","10, DEAD BLONDE, Мальчик на девятке","10, DEAD BLONDE, Мальчик на девятке","10, HammAli & Navai, Птичка","10, HammAli & Navai, Птичка","10, HammAli & Navai, Птичка","10, HammAli & Navai, Птичка","10, HammAli & Navai, Птичка","10, HammAli & Navai, Птичка","10, DEAD BLONDE, Мальчик на девятке"
"11, DEAD BLONDE, Бесприданница","11, DEAD BLONDE, Бесприданница","11, DEAD BLONDE, Бесприданница","11, BTS, Butter","11, BTS, Butter","11, LOVV66, Трап Трап","11, LOVV66, Трап Трап","11, BTS, Butter","11, Måneskin, CORALINE","11, MORGENSHTERN, ARISTOCRAT","11, Miyagi & Andy Panda, Патрон","11, DEAD BLONDE, Бесприданница","11, DEAD BLONDE, Бесприданница","11, Miyagi & Andy Panda, Патрон","11, Lil Nas X, MONTERO (Call Me By Your Name)","11, Lil Nas X, MONTERO (Call Me By Your Name)","11, Lil Nas X, MONTERO (Call Me By Your Name)","11, DEAD BLONDE, Бесприданница","11, DEAD BLONDE, Бесприданница","11, DEAD BLONDE, Бесприданница","11, Miyagi & Andy Panda, Патрон","11, Miyagi & Andy Panda, Патрон","11, Miyagi & Andy Panda, Патрон","11, Miyagi & Andy Panda, Патрон","11, DEAD BLONDE, Мальчик на девятке","11, DEAD BLONDE, Мальчик на девятке","11, DEAD BLONDE, Мальчик на девятке","11, DEAD BLONDE, Мальчик на девятке","11, DEAD BLONDE, Мальчик на девятке","11, DEAD BLONDE, Мальчик на девятке","11, HammAli & Navai, Птичка"
"12, SODA LUV, Тысячи рук","12, SODA LUV, Тысячи рук","12, SODA LUV, Тысячи рук","12, MORGENSHTERN, ARISTOCRAT","12, MORGENSHTERN, ДУЛО","12, MORGENSHTERN, ДУЛО","12, MORGENSHTERN, ДУЛО","12, Miyagi & Andy Panda, Патрон","12, MORGENSHTERN, ARISTOCRAT","12, Lil Nas X, MONTERO (Call Me By Your Name)","12, Lil Nas X, MONTERO (Call Me By Your Name)","12, MORGENSHTERN, ДУЛО","12, ooes, зима","12, ooes, зима","12, Miyagi & Andy Panda, Патрон","12, Miyagi & Andy Panda, Патрон","12, Miyagi & Andy Panda, Патрон","12, Husky, Невидимка","12, Miyagi & Andy Panda, Патрон","12, Lil Nas X, MONTERO (Call Me By Your Name)","12, DEAD BLONDE, Бесприданница","12, DEAD BLONDE, Бесприданница","12, Lil Nas X, MONTERO (Call Me By Your Name)","12, Lil Nas X, MONTERO (Call Me By Your Name)","12, Miyagi & Andy Panda, Патрон","12, Miyagi & Andy Panda, Патрон","12, Miyagi & Andy Panda, Патрон","12, Miyagi & Andy Panda, Патрон","12, Miyagi & Andy Panda, Патрон","12, 10AGE, Пушка","12, 10AGE, Пушка"
"13, HammAli & Navai, Птичка","13, HammAli & Navai, Птичка","13, 10AGE, Нету интереса","13, Miyagi & Andy Panda, Оттепель","13, GONE.Fludd, Плохая Сука","13, HammAli & Navai, Птичка","13, HammAli & Navai, Птичка","13, MORGENSHTERN, ARISTOCRAT","13, Lil Nas X, MONTERO (Call Me By Your Name)","13, Måneskin, CORALINE","13, Miyagi & Andy Panda, Оттепель","13, LOVV66, Трап Трап","13, MORGENSHTERN, ДУЛО","13, DEAD BLONDE, Бесприданница","13, ooes, зима","13, DEAD BLONDE, Бесприданница","13, DEAD BLONDE, Бесприданница","13, Lil Nas X, MONTERO (Call Me By Your Name)","13, Lil Nas X, MONTERO (Call Me By Your Name)","13, Miyagi & Andy Panda, Патрон","13, Lil Nas X, MONTERO (Call Me By Your Name)","13, Lil Nas X, MONTERO (Call Me By Your Name)","13, DEAD BLONDE, Бесприданница","13, DEAD BLONDE, Бесприданница","13, MORGENSHTERN, SHOW","13, MORGENSHTERN, SHOW","13, ooes, зима","13, MORGENSHTERN, SHOW","13, 10AGE, Пушка","13, Miyagi & Andy Panda, Патрон","13, Miyagi & Andy Panda, Патрон"
"14, 10AGE, Нету интереса","14, 10AGE, Нету интереса","14, HammAli & Navai, Птичка","14, Måneskin, Beggin'","14, kizaru, Moulin Rouge (feat. JABO)","14, Miyagi & Andy Panda, Патрон","14, Miyagi & Andy Panda, Патрон","14, DEAD BLONDE, Бесприданница","14, DEAD BLONDE, Бесприданница","14, MORGENSHTERN, ДУЛО","14, DEAD BLONDE, Бесприданница","14, ooes, зима","14, LOVV66, Трап Трап","14, LOVV66, Трап Трап","14, DEAD BLONDE, Бесприданница","14, ooes, зима","14, ooes, зима","14, Miyagi & Andy Panda, Патрон","14, 10AGE, Нету интереса","14, DVRST, Close Eyes","14, DVRST, Close Eyes","14, DVRST, Close Eyes","14, 10AGE, Нету интереса","14, 10AGE, Нету интереса","14, Lil Nas X, MONTERO (Call Me By Your Name)","14, Lil Nas X, MONTERO (Call Me By Your Name)","14, MORGENSHTERN, SHOW","14, Lil Nas X, MONTERO (Call Me By Your Name)","14, MORGENSHTERN, SHOW","14, MORGENSHTERN, SHOW","14, MORGENSHTERN, SHOW"
"15, MORGENSHTERN, HUBLOT","15, MORGENSHTERN, HUBLOT","15, Måneskin, Beggin'","15, Max Korzh, Аттестат","15, HammAli & Navai, Птичка","15, DEAD BLONDE, Бесприданница","15, DEAD BLONDE, Бесприданница","15, MORGENSHTERN, ДУЛО","15, MORGENSHTERN, ДУЛО","15, DEAD BLONDE, Бесприданница","15, MORGENSHTERN, ДУЛО","15, Miyagi & Andy Panda, Оттепель","15, Måneskin, CORALINE","15, Miyagi & Andy Panda, Оттепель","15, LOVV66, Трап Трап","15, LOVV66, Трап Трап","15, MORGENSHTERN, ДУЛО","15, DVRST, Close Eyes","15, MORGENSHTERN, ДУЛО","15, 10AGE, Нету интереса","15, 10AGE, Нету интереса","15, 10AGE, Нету интереса","15, DVRST, Close Eyes","15, DVRST, Close Eyes","15, DEAD BLONDE, Бесприданница","15, DEAD BLONDE, Бесприданница","15, Lil Nas X, MONTERO (Call Me By Your Name)","15, Pretty Scream, Ты","15, Lil Nas X, MONTERO (Call Me By Your Name)","15, Lil Nas X, MONTERO (Call Me By Your Name)","15, Lil Nas X, MONTERO (Call Me By Your Name)"
"16, Masked Wolf, Astronaut In The Ocean","16, Masked Wolf, Astronaut In The Ocean","16, Lil Nas X, MONTERO (Call Me By Your Name)","16, MORGENSHTERN, ДУЛО","16, Miyagi & Andy Panda, Патрон","16, SODA LUV, Тысячи рук","16, SODA LUV, Тысячи рук","16, Lil Nas X, MONTERO (Call Me By Your Name)","16, BTS, Butter","16, 10AGE, Нету интереса","16, Måneskin, CORALINE","16, Måneskin, CORALINE","16, Miyagi & Andy Panda, Оттепель","16, MORGENSHTERN, ДУЛО","16, Miyagi & Andy Panda, Оттепель","16, Miyagi & Andy Panda, Оттепель","16, LOVV66, Трап Трап","16, 10AGE, Нету интереса","16, DVRST, Close Eyes","16, ooes, зима","16, ooes, зима","16, ooes, зима","16, MORGENSHTERN, ДУЛО","16, ooes, зима","16, SEEMEE, Голодный пёс [prod. by Pretty Scream]","16, Pretty Scream, Ты","16, Pretty Scream, Ты","16, ooes, зима","16, Pretty Scream, Ты","16, Pretty Scream, Ты","16, Pretty Scream, Ты"
"17, Lil Nas X, MONTERO (Call Me By Your Name)","17, Lil Nas X, MONTERO (Call Me By Your Name)","17, Masked Wolf, Astronaut In The Ocean","17, HammAli & Navai, Птичка","17, DEAD BLONDE, Бесприданница","17, GONE.Fludd, Плохая Сука","17, GONE.Fludd, Плохая Сука","17, SODA LUV, Тысячи рук","17, 10AGE, Нету интереса","17, ooes, зима","17, MORGENSHTERN, ARISTOCRAT","17, MORGENSHTERN, ARISTOCRAT","17, 10AGE, Нету интереса","17, Måneskin, CORALINE","17, MORGENSHTERN, ДУЛО","17, MORGENSHTERN, ДУЛО","17, Miyagi & Andy Panda, Оттепель","17, MORGENSHTERN, ДУЛО","17, ooes, зима","17, Pretty Scream, Ты","17, MORGENSHTERN, ДУЛО","17, Pretty Scream, Ты","17, Måneskin, CORALINE","17, Måneskin, CORALINE","17, ooes, зима","17, ooes, зима","17, DEAD BLONDE, Бесприданница","17, 10AGE, Пушка","17, ooes, зима","17, DEAD BLONDE, Бесприданница","17, ooes, зима"
"18, Miyagi & Andy Panda, Патрон","18, Miyagi & Andy Panda, Патрон","18, Miyagi & Andy Panda, Патрон","18, DEAD BLONDE, Бесприданница","18, SODA LUV, Тысячи рук","18, ooes, зима","18, 10AGE, Нету интереса","18, 10AGE, Нету интереса","18, SODA LUV, Тысячи рук","18, BTS, Butter","18, 10AGE, Нету интереса","18, 10AGE, Нету интереса","18, MORGENSHTERN, ARISTOCRAT","18, 10AGE, Нету интереса","18, Måneskin, CORALINE","18, 10AGE, Нету интереса","18, 10AGE, Нету интереса","18, ooes, зима","18, LOVV66, Трап Трап","18, MORGENSHTERN, ДУЛО","18, Pretty Scream, Ты","18, Måneskin, CORALINE","18, ooes, зима","18, MORGENSHTERN, ДУЛО","18, Pretty Scream, Ты","18, 10AGE, Нету интереса","18, 10AGE, Нету интереса","18, DEAD BLONDE, Бесприданница","18, DEAD BLONDE, Бесприданница","18, 10AGE, Нету интереса","18, DEAD BLONDE, Бесприданница"
"19, MORGENSHTERN, DINERO","19, MORGENSHTERN, DINERO","19, ooes, зима","19, SODA LUV, Тысячи рук","19, MORGENSHTERN, OLALA","19, MORGENSHTERN, OLALA","19, Lil Nas X, MONTERO (Call Me By Your Name)","19, ooes, зима","19, ooes, зима","19, Miyagi & Andy Panda, Оттепель","19, ooes, зима","19, SODA LUV, Тысячи рук","19, BTS, Butter","19, MORGENSHTERN, ARISTOCRAT","19, 10AGE, Нету интереса","19, Måneskin, CORALINE","19, DVRST, Close Eyes","19, LOVV66, Трап Трап","19, Pretty Scream, Ты","19, LOVV66, Трап Трап","19, Måneskin, CORALINE","19, MORGENSHTERN, ДУЛО","19, Pretty Scream, Ты","19, Pretty Scream, Ты","19, 10AGE, Нету интереса","19, SEEMEE, Голодный пёс [prod. by Pretty Scream]","19, SEEMEE, Голодный пёс [prod. by Pretty Scream]","19, 10AGE, Нету интереса","19, 10AGE, Нету интереса","19, ooes, зима","19, 10AGE, Нету интереса"
"20, Måneskin, Beggin'","20, Måneskin, Beggin'","20, MORGENSHTERN, HUBLOT","20, Miyagi & Andy Panda, Патрон","20, Lil Nas X, MONTERO (Call Me By Your Name)","20, Lil Nas X, MONTERO (Call Me By Your Name)","20, MORGENSHTERN, OLALA","20, GONE.Fludd, Плохая Сука","20, Miyagi & Andy Panda, Оттепель","20, SODA LUV, Тысячи рук","20, BTS, Butter","20, BTS, Butter","20, SODA LUV, Тысячи рук","20, BTS, Butter","20, BTS, Butter","20, BTS, Butter","20, Måneskin, CORALINE","20, Tima Belorusskih, Под Звездопадом","20, Miyagi & Andy Panda, Оттепель","20, Måneskin, CORALINE","20, LOVV66, Трап Трап","20, LOVV66, Трап Трап","20, LOVV66, Трап Трап","20, LOVV66, Трап Трап","20, SEEMEE, WINDOWS [prod. by DooMee, TonySouljah & VisaGangBeatz]","20, DVRST, Close Eyes","20, OG Buda, ГАНЬГ Аутро (feat. Bushido Zho, Scally Milano, MAYOT, Magnum Opus, SEEMEE, YUNGWAY)","20, OG Buda, ГАНЬГ Аутро (feat. Bushido Zho, Scally Milano, MAYOT, Magnum Opus, SEEMEE, YUNGWAY)","20, OG Buda, ГАНЬГ Аутро (feat. Bushido Zho, Scally Milano, MAYOT, Magnum Opus, SEEMEE, YUNGWAY)","20, OG Buda, ГАНЬГ Аутро (feat. Bushido Zho, Scally Milano, MAYOT, Magnum Opus, SEEMEE, YUNGWAY)","20, DVRST, Close Eyes"
"21, MORGENSHTERN, PABLO","21, MORGENSHTERN, PABLO","21, SODA LUV, Бигасс","21, 10AGE, Нету интереса","21, 10AGE, Нету интереса","21, 10AGE, Нету интереса","21, ooes, зима","21, Masked Wolf, Astronaut In The Ocean","21, Masked Wolf, Astronaut In The Ocean","21, Masked Wolf, Astronaut In The Ocean","21, The Limba, Ронин","21, Masked Wolf, Astronaut In The Ocean","21, Masked Wolf, Astronaut In The Ocean","21, SODA LUV, Тысячи рук","21, DVRST, Close Eyes","21, DVRST, Close Eyes","21, BTS, Butter","21, Miyagi & Andy Panda, Оттепель","21, Masked Wolf, Astronaut In The Ocean","21, fem.love, Фотографирую закат","21, OG Buda, ГАНЬГ Аутро (feat. Bushido Zho, Scally Milano, MAYOT, Magnum Opus, SEEMEE, YUNGWAY)","21, fem.love, Фотографирую закат","21, OG Buda, ГАНЬГ Аутро (feat. Bushido Zho, Scally Milano, MAYOT, Magnum Opus, SEEMEE, YUNGWAY)","21, OG Buda, ГАНЬГ Аутро (feat. Bushido Zho, Scally Milano, MAYOT, Magnum Opus, SEEMEE, YUNGWAY)","21, Doja Cat, You Right","21, MORGENSHTERN, ДУЛО","21, 10AGE, Пушка","21, OG Buda, Старшие (feat. Polyana)","21, OG Buda, Старшие (feat. Polyana)","21, DVRST, Close Eyes","21, OG Buda, ГАНЬГ Аутро (feat. Bushido Zho, Scally Milano, MAYOT, Magnum Opus, SEEMEE, YUNGWAY)"
"22, MORGENSHTERN, OLALA","22, MORGENSHTERN, OLALA","22, MORGENSHTERN, DINERO","22, Lil Nas X, MONTERO (Call Me By Your Name)","22, Masked Wolf, Astronaut In The Ocean","22, Miyagi & Andy Panda, Оттепель","22, Miyagi & Andy Panda, Оттепель","22, MORGENSHTERN, OLALA","22, SODA LUV, Бигасс","22, SODA LUV, Бигасс","22, SODA LUV, Тысячи рук","22, Yanix, Стейк","22, SEEMEE, Голодный пёс [prod. by Pretty Scream]","22, Masked Wolf, Astronaut In The Ocean","22, SODA LUV, Тысячи рук","22, SODA LUV, Тысячи рук","22, Masked Wolf, Astronaut In The Ocean","22, Måneskin, CORALINE","22, Måneskin, CORALINE","22, Miyagi & Andy Panda, Оттепель","22, Miyagi & Andy Panda, Оттепель","22, OG Buda, ГАНЬГ Аутро (feat. Bushido Zho, Scally Milano, MAYOT, Magnum Opus, SEEMEE, YUNGWAY)","22, fem.love, Фотографирую закат","22, fem.love, Фотографирую закат","22, DVRST, Close Eyes","22, Minelli, Rampampam","22, OG Buda, Старшие (feat. Polyana)","22, LOVV66, Трап Трап","22, MORGENSHTERN, ДУЛО","22, OG Buda, Старшие (feat. Polyana)","22, Minelli, Rampampam"
"23, ooes, зима","23, ooes, зима","23, MORGENSHTERN, PABLO","23, ooes, зима","23, ooes, зима","23, kizaru, Moulin Rouge (feat. JABO)","23, SODA LUV, Бигасс","23, Miyagi & Andy Panda, Оттепель","23, MORGENSHTERN, OLALA","23, MORGENSHTERN, OLALA","23, Masked Wolf, Astronaut In The Ocean","23, SODA LUV, Бигасс","23, SODA LUV, Бигасс","23, OG Buda, ГАНЬГ Аутро (feat. Bushido Zho, Scally Milano, MAYOT, Magnum Opus, SEEMEE, YUNGWAY)","23, OG Buda, ГАНЬГ Аутро (feat. Bushido Zho, Scally Milano, MAYOT, Magnum Opus, SEEMEE, YUNGWAY)","23, SEEMEE, Голодный пёс [prod. by Pretty Scream]","23, fem.love, Фотографирую закат","23, Masked Wolf, Astronaut In The Ocean","23, fem.love, Фотографирую закат","23, OG Buda, ГАНЬГ Аутро (feat. Bushido Zho, Scally Milano, MAYOT, Magnum Opus, SEEMEE, YUNGWAY)","23, fem.love, Фотографирую закат","23, Miyagi & Andy Panda, Оттепель","23, Miyagi & Andy Panda, Оттепель","23, SEEMEE, Голодный пёс [prod. by Pretty Scream]","23, MORGENSHTERN, ДУЛО","23, OG Buda, ГАНЬГ Аутро (feat. Bushido Zho, Scally Milano, MAYOT, Magnum Opus, SEEMEE, YUNGWAY)","23, LOVV66, Трап Трап","23, Doja Cat, You Right","23, LOVV66, Трап Трап","23, MORGENSHTERN, ДУЛО","23, OG Buda, Старшие (feat. Polyana)"
"24, SODA LUV, Бигасс","24, SODA LUV, Бигасс","24, SEEMEE, Голодный пёс [prod. by Pretty Scream]","24, Masked Wolf, Astronaut In The Ocean","24, Miyagi & Andy Panda, Оттепель","24, Masked Wolf, Astronaut In The Ocean","24, MORGENSHTERN, PABLO","24, SODA LUV, Бигасс","24, GONE.Fludd, Плохая Сука","24, GONE.Fludd, Плохая Сука","24, OG Buda, ГАНЬГ Аутро (feat. Bushido Zho, Scally Milano, MAYOT, Magnum Opus, SEEMEE, YUNGWAY)","24, SEEMEE, Голодный пёс [prod. by Pretty Scream]","24, OG Buda, ГАНЬГ Аутро (feat. Bushido Zho, Scally Milano, MAYOT, Magnum Opus, SEEMEE, YUNGWAY)","24, SEEMEE, Голодный пёс [prod. by Pretty Scream]","24, Masked Wolf, Astronaut In The Ocean","24, OG Buda, ГАНЬГ Аутро (feat. Bushido Zho, Scally Milano, MAYOT, Magnum Opus, SEEMEE, YUNGWAY)","24, SODA LUV, Тысячи рук","24, SEEMEE, Голодный пёс [prod. by Pretty Scream]","24, Minelli, Rampampam","24, Masked Wolf, Astronaut In The Ocean","24, SEEMEE, Голодный пёс [prod. by Pretty Scream]","24, Minelli, Rampampam","24, Minelli, Rampampam","24, Minelli, Rampampam","24, Måneskin, CORALINE","24, 10AGE, Пушка","24, MORGENSHTERN, ДУЛО","24, DVRST, Close Eyes","24, Minelli, Rampampam","24, Minelli, Rampampam","24, MORGENSHTERN, ДУЛО"
"25, Go_A, SHUM","25, Go_A, SHUM","25, MORGENSHTERN, OLALA","25, MORGENSHTERN, PABLO","25, MORGENSHTERN, PABLO","25, MORGENSHTERN, PABLO","25, Masked Wolf, Astronaut In The Ocean","25, MORGENSHTERN, PABLO","25, SEEMEE, Голодный пёс [prod. by Pretty Scream]","25, SEEMEE, Голодный пёс [prod. by Pretty Scream]","25, SODA LUV, Бигасс","25, OG Buda, ГАНЬГ Аутро (feat. Bushido Zho, Scally Milano, MAYOT, Magnum Opus, SEEMEE, YUNGWAY)","25, fem.love, Фотографирую закат","25, SODA LUV, Бигасс","25, SEEMEE, Голодный пёс [prod. by Pretty Scream]","25, Masked Wolf, Astronaut In The Ocean","25, SEEMEE, Голодный пёс [prod. by Pretty Scream]","25, BTS, Butter","25, SEEMEE, Голодный пёс [prod. by Pretty Scream]","25, SEEMEE, Голодный пёс [prod. by Pretty Scream]","25, BTS, Butter","25, SEEMEE, Голодный пёс [prod. by Pretty Scream]","25, SEEMEE, Голодный пёс [prod. by Pretty Scream]","25, Masked Wolf, Astronaut In The Ocean","25, Minelli, Rampampam","25, Måneskin, CORALINE","25, Doja Cat, You Right","25, MORGENSHTERN, ДУЛО","25, DVRST, Close Eyes","25, LOVV66, Трап Трап","25, fem.love, Фотографирую закат"
"26, SEEMEE, Голодный пёс [prod. by Pretty Scream]","26, SEEMEE, Голодный пёс [prod. by Pretty Scream]","26, Go_A, SHUM","26, MORGENSHTERN, OLALA","26, SODA LUV, Бигасс","26, SODA LUV, Бигасс","26, SEEMEE, Голодный пёс [prod. by Pretty Scream]","26, SEEMEE, Голодный пёс [prod. by Pretty Scream]","26, MORGENSHTERN, PABLO","26, OG Buda, ГАНЬГ Аутро (feat. Bushido Zho, Scally Milano, MAYOT, Magnum Opus, SEEMEE, YUNGWAY)","26, Basta, Ты была права","26, OG Buda, Старшие (feat. Polyana)","26, OG Buda, Старшие (feat. Polyana)","26, fem.love, Фотографирую закат","26, fem.love, Фотографирую закат","26, fem.love, Фотографирую закат","26, OG Buda, ГАНЬГ Аутро (feat. Bushido Zho, Scally Milano, MAYOT, Magnum Opus, SEEMEE, YUNGWAY)","26, fem.love, Фотографирую закат","26, OG Buda, ГАНЬГ Аутро (feat. Bushido Zho, Scally Milano, MAYOT, Magnum Opus, SEEMEE, YUNGWAY)","26, SODA LUV, Тысячи рук","26, Masked Wolf, Astronaut In The Ocean","26, Masked Wolf, Astronaut In The Ocean","26, Masked Wolf, Astronaut In The Ocean","26, OG Buda, Старшие (feat. Polyana)","26, OG Buda, ГАНЬГ Аутро (feat. Bushido Zho, Scally Milano, MAYOT, Magnum Opus, SEEMEE, YUNGWAY)","26, OG Buda, Старшие (feat. Polyana)","26, Måneskin, CORALINE","26, fem.love, Фотографирую закат","26, fem.love, Фотографирую закат","26, fem.love, Фотографирую закат","26, LOVV66, Трап Трап"
"27, MORGENSHTERN, NOMINALO","27, MORGENSHTERN, NOMINALO","27, fem.love, Фотографирую закат","27, Yanix, Из ладони в ладонь","27, SEEMEE, Голодный пёс [prod. by Pretty Scream]","27, SEEMEE, Голодный пёс [prod. by Pretty Scream]","27, kizaru, Moulin Rouge (feat. JABO)","27, fem.love, Фотографирую закат","27, fem.love, Фотографирую закат","27, MORGENSHTERN, PABLO","27, OG Buda, Старшие (feat. Polyana)","27, fem.love, Фотографирую закат","27, Yanix, Стейк","27, OG Buda, Старшие (feat. Polyana)","27, OG Buda, Старшие (feat. Polyana)","27, MORGENSHTERN, OLALA","27, Eldzhey, Candy Flip","27, OG Buda, ГАНЬГ Аутро (feat. Bushido Zho, Scally Milano, MAYOT, Magnum Opus, SEEMEE, YUNGWAY)","27, Tima Belorusskih, Под Звездопадом","27, BTS, Butter","27, SODA LUV, Тысячи рук","27, BTS, Butter","27, OG Buda, Старшие (feat. Polyana)","27, Miyagi & Andy Panda, Оттепель","27, OG Buda, Старшие (feat. Polyana)","27, LOVV66, Трап Трап","27, Minelli, Rampampam","27, SEEMEE, Голодный пёс [prod. by Pretty Scream]","27, SEEMEE, Голодный пёс [prod. by Pretty Scream]","27, SEEMEE, Голодный пёс [prod. by Pretty Scream]","27, SEEMEE, Голодный пёс [prod. by Pretty Scream]"
"28, MORGENSHTERN, Leck","28, MORGENSHTERN, Leck","28, MORGENSHTERN, Leck","28, SODA LUV, Бигасс","28, MORGENSHTERN, DINERO","28, fem.love, Фотографирую закат","28, fem.love, Фотографирую закат","28, kizaru, Moulin Rouge (feat. JABO)","28, kizaru, Дежавю","28, fem.love, Фотографирую закат","28, SEEMEE, Голодный пёс [prod. by Pretty Scream]","28, MORGENSHTERN, OLALA","28, MORGENSHTERN, OLALA","28, Basta, Ты была права","28, SODA LUV, Бигасс","28, SODA LUV, Бигасс","28, MORGENSHTERN, OLALA","28, Eldzhey, Candy Flip","28, BTS, Butter","28, OG Buda, Старшие (feat. Polyana)","28, Minelli, Rampampam","28, OG Buda, Старшие (feat. Polyana)","28, SODA LUV, Тысячи рук","28, BTS, Butter","28, 10AGE, Пушка","28, Masked Wolf, Astronaut In The Ocean","28, fem.love, Фотографирую закат","28, Minelli, Rampampam","28, Doja Cat, You Right","28, Doja Cat, You Right","28, Måneskin, CORALINE"
"29, fem.love, Фотографирую закат","29, fem.love, Фотографирую закат","29, MORGENSHTERN, NOMINALO","29, SEEMEE, Голодный пёс [prod. by Pretty Scream]","29, MORGENSHTERN, HUBLOT","29, MORGENSHTERN, DINERO","29, MORGENSHTERN, DINERO","29, MORGENSHTERN, Leck","29, MORGENSHTERN, Leck","29, OG Buda, Старшие (feat. Polyana)","29, MORGENSHTERN, OLALA","29, MORGENSHTERN, PABLO","29, Basta, Ты была права","29, MORGENSHTERN, Leck","29, MORGENSHTERN, OLALA","29, Eldzhey, Candy Flip","29, OG Buda, Старшие (feat. Polyana)","29, OG Buda, Старшие (feat. Polyana)","29, SODA LUV, Тысячи рук","29, Tima Belorusskih, Под Звездопадом","29, OG Buda, Старшие (feat. Polyana)","29, SODA LUV, Тысячи рук","29, BTS, Butter","29, kizaru, Дежавю","29, LOVV66, Трап Трап","29, Miyagi & Andy Panda, Оттепель","29, Masked Wolf, Astronaut In The Ocean","29, Måneskin, CORALINE","29, Måneskin, CORALINE","29, Måneskin, CORALINE","29, SODA LUV, Бигасс"
"30, MORGENSHTERN, GTA","30, MORGENSHTERN, GTA","30, kizaru, Дежавю","30, MORGENSHTERN, DINERO","30, fem.love, Фотографирую закат","30, MORGENSHTERN, HUBLOT","30, MORGENSHTERN, HUBLOT","30, OG Buda, ГАНЬГ Аутро (feat. Bushido Zho, Scally Milano, MAYOT, Magnum Opus, SEEMEE, YUNGWAY)","30, OG Buda, ГАНЬГ Аутро (feat. Bushido Zho, Scally Milano, MAYOT, Magnum Opus, SEEMEE, YUNGWAY)","30, MORGENSHTERN, Leck","30, fem.love, Фотографирую закат","30, MORGENSHTERN, Leck","30, The Limba, Ронин","30, MORGENSHTERN, OLALA","30, Eldzhey, Candy Flip","30, OG Buda, Старшие (feat. Polyana)","30, SODA LUV, Бигасс","30, SODA LUV, Тысячи рук","30, OG Buda, Старшие (feat. Polyana)","30, Minelli, Rampampam","30, Tima Belorusskih, Под Звездопадом","30, kizaru, Дежавю","30, kizaru, Дежавю","30, SODA LUV, Тысячи рук","30, Miyagi & Andy Panda, Оттепель","30, Doja Cat, You Right","30, Ed Sheeran, Bad Habits","30, Ed Sheeran, Bad Habits","30, MORGENSHTERN, Leck","30, Miyagi & Andy Panda, Оттепель","30, SODA LUV, Тысячи рук"
"31, PlayaPhonk, PHONKY TOWN","31, PlayaPhonk, PHONKY TOWN","31, OG Buda, ГАНЬГ Аутро (feat. Bushido Zho, Scally Milano, MAYOT, Magnum Opus, SEEMEE, YUNGWAY)","31, MORGENSHTERN, HUBLOT","31, MORGENSHTERN, Leck","31, MORGENSHTERN, Leck","31, MORGENSHTERN, Leck","31, kizaru, Дежавю","31, MORGENSHTERN, DINERO","31, kizaru, Дежавю","31, MORGENSHTERN, PABLO","31, The Limba, Ронин","31, MORGENSHTERN, Leck","31, Yanix, Стейк","31, Basta, Ты была права","31, Basta, Ты была права","31, Basta, Ты была права","31, MORGENSHTERN, OLALA","31, Eldzhey, Candy Flip","31, MORGENSHTERN, OLALA","31, Eldzhey, Candy Flip","31, Tima Belorusskih, Под Звездопадом","31, Eldzhey, Candy Flip","31, Eldzhey, Candy Flip","31, Tyler, The Creator, JUGGERNAUT","31, fem.love, Фотографирую закат","31, Miyagi & Andy Panda, Оттепель","31, Masked Wolf, Astronaut In The Ocean","31, Ed Sheeran, Bad Habits","31, Ed Sheeran, Bad Habits","31, Masked Wolf, Astronaut In The Ocean"
"32, OG Buda, ГАНЬГ Аутро (feat. Bushido Zho, Scally Milano, MAYOT, Magnum Opus, SEEMEE, YUNGWAY)","32, OG Buda, ГАНЬГ Аутро (feat. Bushido Zho, Scally Milano, MAYOT, Magnum Opus, SEEMEE, YUNGWAY)","32, OG Buda, Старшие (feat. Polyana)","32, fem.love, Фотографирую закат","32, SLAVA MARLOW, ТЫ ГОРИШЬ КАК ОГОНЬ","32, PlayaPhonk, PHONKY TOWN","32, OG Buda, ГАНЬГ Аутро (feat. Bushido Zho, Scally Milano, MAYOT, Magnum Opus, SEEMEE, YUNGWAY)","32, MORGENSHTERN, DINERO","32, kizaru, Moulin Rouge (feat. JABO)","32, MORGENSHTERN, DINERO","32, OG Buda, Сайфер (feat. Егор Крид, SODA LUV & MAYOT)","32, kizaru, Дежавю","32, MORGENSHTERN, PABLO","32, kizaru, Дежавю","32, OG Buda, Сайфер (feat. Егор Крид, SODA LUV & MAYOT)","32, OG Buda, Добро Пожаловать (Prod. by wex & treepside)","32, kizaru, Дежавю","32, Minelli, Rampampam","32, Husky, Невидимка","32, SODA LUV, Бигасс","32, MORGENSHTERN, OLALA","32, Eldzhey, Candy Flip","32, SODA LUV, Бигасс","32, SODA LUV, Бигасс","32, Masked Wolf, Astronaut In The Ocean","32, MORGENSHTERN, Leck","32, MORGENSHTERN, Leck","32, Miyagi & Andy Panda, Оттепель","32, Masked Wolf, Astronaut In The Ocean","32, Masked Wolf, Astronaut In The Ocean","32, Doja Cat, You Right"
"33, OG Buda, Старшие (feat. Polyana)","33, OG Buda, Старшие (feat. Polyana)","33, PlayaPhonk, PHONKY TOWN","33, Go_A, SHUM","33, Max Korzh, Аттестат","33, kizaru, Дежавю","33, OG Buda, Старшие (feat. Polyana)","33, OG Buda, Старшие (feat. Polyana)","33, SLAVA MARLOW, ТЫ ГОРИШЬ КАК ОГОНЬ","33, OG Buda, Добро Пожаловать (Prod. by wex & treepside)","33, GONE.Fludd, Плохая Сука","33, SLAVA MARLOW, ТЫ ГОРИШЬ КАК ОГОНЬ","33, kizaru, Дежавю","33, Eldzhey, Candy Flip","33, MORGENSHTERN, Leck","33, MORGENSHTERN, Leck","33, MORGENSHTERN, PABLO","33, SODA LUV, Бигасс","33, MORGENSHTERN, OLALA","33, Eldzhey, Candy Flip","33, kizaru, Дежавю","33, SODA LUV, Бигасс","33, Tima Belorusskih, Под Звездопадом","33, Tima Belorusskih, Под Звездопадом","33, fem.love, Фотографирую закат","33, Ed Sheeran, Bad Habits","33, DVRST, Close Eyes","33, OG Buda, Сайфер (feat. Егор Крид, SODA LUV & MAYOT)","33, Miyagi & Andy Panda, Оттепель","33, MORGENSHTERN, Leck","33, Miyagi & Andy Panda, Оттепель"
"34, kizaru, Дежавю","34, kizaru, Дежавю","34, SLAVA MARLOW, ТЫ ГОРИШЬ КАК ОГОНЬ","34, Billie Eilish, Lost Cause","34, Go_A, SHUM","34, SLAVA MARLOW, ТЫ ГОРИШЬ КАК ОГОНЬ","34, kizaru, Дежавю","34, MORGENSHTERN, HUBLOT","34, OG Buda, Старшие (feat. Polyana)","34, SLAVA MARLOW, ТЫ ГОРИШЬ КАК ОГОНЬ","34, MORGENSHTERN, Leck","34, OG Buda, Добро Пожаловать (Prod. by wex & treepside)","34, OG Buda, Добро Пожаловать (Prod. by wex & treepside)","34, MORGENSHTERN, PABLO","34, MORGENSHTERN, PABLO","34, MORGENSHTERN, PABLO","34, MORGENSHTERN, Leck","34, kizaru, Дежавю","34, SODA LUV, Бигасс","34, kizaru, Дежавю","34, SODA LUV, Бигасс","34, MORGENSHTERN, OLALA","34, MORGENSHTERN, Leck","34, MORGENSHTERN, Leck","34, Ed Sheeran, Bad Habits","34, Eldzhey, Candy Flip","34, SODA LUV, Тысячи рук","34, MORGENSHTERN, Leck","34, Eldzhey, Candy Flip","34, OG Buda, Добро Пожаловать (Prod. by wex & treepside)","34, MORGENSHTERN, Leck"
"35, MORGENSHTERN, Я КОГДА-НИБУДЬ УЙДУ","35, MORGENSHTERN, Я КОГДА-НИБУДЬ УЙДУ","35, OG Buda, Добро Пожаловать (Prod. by wex & treepside)","35, MORGENSHTERN, Leck","35, kizaru, Дежавю","35, OG Buda, ГАНЬГ Аутро (feat. Bushido Zho, Scally Milano, MAYOT, Magnum Opus, SEEMEE, YUNGWAY)","35, PlayaPhonk, PHONKY TOWN","35, SLAVA MARLOW, ТЫ ГОРИШЬ КАК ОГОНЬ","35, PlayaPhonk, PHONKY TOWN","35, PlayaPhonk, PHONKY TOWN","35, OG Buda, Добро Пожаловать (Prod. by wex & treepside)","35, OG Buda, Сайфер (feat. Егор Крид, SODA LUV & MAYOT)","35, SLAVA MARLOW, ТЫ ГОРИШЬ КАК ОГОНЬ","35, DVRST, Close Eyes","35, OG Buda, Добро Пожаловать (Prod. by wex & treepside)","35, kizaru, Дежавю","35, OG Buda, Добро Пожаловать (Prod. by wex & treepside)","35, MORGENSHTERN, PABLO","35, kizaru, Дежавю","35, MORGENSHTERN, PABLO","35, MORGENSHTERN, Leck","35, MORGENSHTERN, Leck","35, MORGENSHTERN, OLALA","35, OG Buda, Сайфер (feat. Егор Крид, SODA LUV & MAYOT)","35, Eldzhey, Candy Flip","35, Ramil', Сон","35, kizaru, Дежавю","35, OG Buda, Добро Пожаловать (Prod. by wex & treepside)","35, OG Buda, Добро Пожаловать (Prod. by wex & treepside)","35, kizaru, Дежавю","35, Ed Sheeran, Bad Habits"
"36, SLAVA MARLOW, ТЫ ГОРИШЬ КАК ОГОНЬ","36, SLAVA MARLOW, ТЫ ГОРИШЬ КАК ОГОНЬ","36, MORGENSHTERN, GTA","36, kizaru, Дежавю","36, OG Buda, ГАНЬГ Аутро (feat. Bushido Zho, Scally Milano, MAYOT, Magnum Opus, SEEMEE, YUNGWAY)","36, Go_A, SHUM","36, SLAVA MARLOW, ТЫ ГОРИШЬ КАК ОГОНЬ","36, PlayaPhonk, PHONKY TOWN","36, MORGENSHTERN, HUBLOT","36, Mekhman, Копия пиратская","36, kizaru, Дежавю","36, Basta, Ты была права","36, OG Buda, Сайфер (feat. Егор Крид, SODA LUV & MAYOT)","36, OG Buda, Добро Пожаловать (Prod. by wex & treepside)","36, kizaru, Дежавю","36, OG Buda, Сайфер (feat. Егор Крид, SODA LUV & MAYOT)","36, OG Buda, Сайфер (feat. Егор Крид, SODA LUV & MAYOT)","36, MORGENSHTERN, Leck","36, MORGENSHTERN, Leck","36, SLAVA MARLOW, ТЫ ГОРИШЬ КАК ОГОНЬ","36, MORGENSHTERN, PABLO","36, MORGENSHTERN, PABLO","36, OG Buda, Добро Пожаловать (Prod. by wex & treepside)","36, OG Buda, Добро Пожаловать (Prod. by wex & treepside)","36, Tima Belorusskih, Под Звездопадом","36, SODA LUV, Тысячи рук","36, OG Buda, Сайфер (feat. Егор Крид, SODA LUV & MAYOT)","36, SODA LUV, Тысячи рук","36, BTS, Butter","36, Eldzhey, Candy Flip","36, OG Buda, Добро Пожаловать (Prod. by wex & treepside)"
"37, OG Buda, Добро Пожаловать (Prod. by wex & treepside)","37, OG Buda, Добро Пожаловать (Prod. by wex & treepside)","37, MORGENSHTERN, Я КОГДА-НИБУДЬ УЙДУ","37, Scriptonite, Будьте здоровы","37, PlayaPhonk, PHONKY TOWN","37, OG Buda, Старшие (feat. Polyana)","37, Go_A, SHUM","37, OG Buda, Добро Пожаловать (Prod. by wex & treepside)","37, OG Buda, Добро Пожаловать (Prod. by wex & treepside)","37, Eldzhey, Candy Flip","37, Zivert, Рокки","37, GONE.Fludd, Плохая Сука","37, PlayaPhonk, PHONKY TOWN","37, The Limba, Ронин","37, The Limba, Ронин","37, Minelli, Rampampam","37, Minelli, Rampampam","37, Pretty Scream, Ты","37, Korol i Shut, Кукла колдуна","37, MORGENSHTERN, Leck","37, OG Buda, Добро Пожаловать (Prod. by wex & treepside)","37, OG Buda, Добро Пожаловать (Prod. by wex & treepside)","37, OG Buda, Сайфер (feat. Егор Крид, SODA LUV & MAYOT)","37, MORGENSHTERN, OLALA","37, Tyler, The Creator, LEMONHEAD","37, kizaru, Дежавю","37, OG Buda, Добро Пожаловать (Prod. by wex & treepside)","37, BTS, Butter","37, SODA LUV, Тысячи рук","37, BTS, Butter","37, BTS, Butter"
"38, Manizha, RUSSIAN WOMAN","38, Manizha, RUSSIAN WOMAN","38, Korol i Shut, Кукла колдуна","38, MORGENSHTERN, NOMINALO","38, MORGENSHTERN, NOMINALO","38, MORGENSHTERN, NOMINALO","38, OG Buda, Добро Пожаловать (Prod. by wex & treepside)","38, Mekhman, Копия пиратская","38, Mekhman, Копия пиратская","38, MORGENSHTERN, HUBLOT","38, MORGENSHTERN, DINERO","38, Korol i Shut, Кукла колдуна","38, GONE.Fludd, Плохая Сука","38, OG Buda, Сайфер (feat. Егор Крид, SODA LUV & MAYOT)","38, PlayaPhonk, PHONKY TOWN","38, MORGENSHTERN, DINERO","38, MORGENSHTERN, DINERO","38, OG Buda, Добро Пожаловать (Prod. by wex & treepside)","38, SLAVA MARLOW, ТЫ ГОРИШЬ КАК ОГОНЬ","38, OG Buda, Добро Пожаловать (Prod. by wex & treepside)","38, OG Buda, Сайфер (feat. Егор Крид, SODA LUV & MAYOT)","38, Ramil', Сон","38, Ramil', Сон","38, Korol i Shut, Кукла колдуна","38, kizaru, Дежавю","38, BTS, Butter","38, ooes, ночь","38, Eldzhey, Candy Flip","38, kizaru, Дежавю","38, SODA LUV, Бигасс","38, Eldzhey, Candy Flip"
"39, SLAVA MARLOW, КОМУ ЭТО НАДО?","39, SLAVA MARLOW, КОМУ ЭТО НАДО?","39, SLAVA MARLOW, КОМУ ЭТО НАДО?","39, PlayaPhonk, PHONKY TOWN","39, OG Buda, Старшие (feat. Polyana)","39, Mekhman, Копия пиратская","39, Mekhman, Копия пиратская","39, Go_A, SHUM","39, Korol i Shut, Кукла колдуна","39, kizaru, Moulin Rouge (feat. JABO)","39, SLAVA MARLOW, ТЫ ГОРИШЬ КАК ОГОНЬ","39, PlayaPhonk, PHONKY TOWN","39, Eldzhey, Candy Flip","39, SLAVA MARLOW, ТЫ ГОРИШЬ КАК ОГОНЬ","39, Yanix, Стейк","39, PlayaPhonk, PHONKY TOWN","39, SLAVA MARLOW, ТЫ ГОРИШЬ КАК ОГОНЬ","39, Basta, Ты была права","39, MORGENSHTERN, PABLO","39, Korol i Shut, Кукла колдуна","39, PlayaPhonk, PHONKY TOWN","39, OG Buda, Сайфер (feat. Егор Крид, SODA LUV & MAYOT)","39, MORGENSHTERN, PABLO","39, SLAVA MARLOW, ТЫ ГОРИШЬ КАК ОГОНЬ","39, Tyler, The Creator, LUMBERJACK","39, SODA LUV, Бигасс","39, Eldzhey, Candy Flip","39, kizaru, Дежавю","39, OG Buda, Сайфер (feat. Егор Крид, SODA LUV & MAYOT)","39, OG Buda, Сайфер (feat. Егор Крид, SODA LUV & MAYOT)","39, kizaru, Дежавю"
"40, Doja Cat, Kiss Me More (feat. SZA)","40, Doja Cat, Kiss Me More (feat. SZA)","40, kizaru, Stick Out","40, OG Buda, ГАНЬГ Аутро (feat. Bushido Zho, Scally Milano, MAYOT, Magnum Opus, SEEMEE, YUNGWAY)","40, Korol i Shut, Кукла колдуна","40, OG Buda, Добро Пожаловать (Prod. by wex & treepside)","40, MORGENSHTERN, NOMINALO","40, Korol i Shut, Кукла колдуна","40, Eldzhey, Candy Flip","40, Korol i Shut, Кукла колдуна","40, PlayaPhonk, PHONKY TOWN","40, Eldzhey, Candy Flip","40, Korol i Shut, Кукла колдуна","40, PlayaPhonk, PHONKY TOWN","40, MORGENSHTERN, DINERO","40, Ramil', Сон","40, PlayaPhonk, PHONKY TOWN","40, SLAVA MARLOW, ТЫ ГОРИШЬ КАК ОГОНЬ","40, Ramil', Сон","40, PlayaPhonk, PHONKY TOWN","40, Ramil', Сон","40, SLAVA MARLOW, ТЫ ГОРИШЬ КАК ОГОНЬ","40, SLAVA MARLOW, ТЫ ГОРИШЬ КАК ОГОНЬ","40, Basta, Ты была права","40, SODA LUV, Тысячи рук","40, OG Buda, Добро Пожаловать (Prod. by wex & treepside)","40, SODA LUV, Бигасс","40, ooes, ночь","40, ooes, ночь","40, SODA LUV, Тысячи рук","40, SLAVA MARLOW, ТЫ ГОРИШЬ КАК ОГОНЬ"
"41, MORGENSHTERN, ПАПИН ТАНК","41, MORGENSHTERN, ПАПИН ТАНК","41, Doja Cat, Kiss Me More (feat. SZA)","41, OG Buda, Старшие (feat. Polyana)","41, Scriptonite, Будьте здоровы","41, Korol i Shut, Кукла колдуна","41, MAYOT, Снег","41, Ramil', Сон","41, Ramil', Сон","41, Ramil', Сон","41, Eldzhey, Candy Flip","41, MORGENSHTERN, DINERO","41, MORGENSHTERN, DINERO","41, Ramil', Сон","41, Ramil', Сон","41, SLAVA MARLOW, ТЫ ГОРИШЬ КАК ОГОНЬ","41, Korol i Shut, Кукла колдуна","41, OG Buda, Сайфер (feat. Егор Крид, SODA LUV & MAYOT)","41, OG Buda, Добро Пожаловать (Prod. by wex & treepside)","41, Ramil', Сон","41, SLAVA MARLOW, ТЫ ГОРИШЬ КАК ОГОНЬ","41, PlayaPhonk, PHONKY TOWN","41, Korol i Shut, Кукла колдуна","41, Ramil', Сон","41, BTS, Butter","41, OG Buda, Сайфер (feat. Егор Крид, SODA LUV & MAYOT)","41, BTS, Butter","41, SODA LUV, Бигасс","41, SODA LUV, Бигасс","41, ooes, ночь","41, OG Buda, Сайфер (feat. Егор Крид, SODA LUV & MAYOT)"
"42, Ramil', Сон","42, Ramil', Сон","42, Ramil', Сон","42, Mekhman, Копия пиратская","42, Mekhman, Копия пиратская","42, Max Korzh, Аттестат","42, Korol i Shut, Кукла колдуна","42, MAYOT, Снег","42, Go_A, SHUM","42, Scriptonite, Положение","42, Mekhman, Копия пиратская","42, MORGENSHTERN, Cristal & МОЁТ","42, Ramil', Сон","42, GONE.Fludd, Плохая Сука","42, SLAVA MARLOW, ТЫ ГОРИШЬ КАК ОГОНЬ","42, Yanix, Стейк","42, Ramil', Сон","42, Korol i Shut, Кукла колдуна","42, OG Buda, Сайфер (feat. Егор Крид, SODA LUV & MAYOT)","42, OG Buda, Сайфер (feat. Егор Крид, SODA LUV & MAYOT)","42, Korol i Shut, Кукла колдуна","42, Korol i Shut, Кукла колдуна","42, PlayaPhonk, PHONKY TOWN","42, MORGENSHTERN, PABLO","42, SODA LUV, Бигасс","42, Tima Belorusskih, Под Звездопадом","42, Ramil', Сон","42, Ramil', Сон","42, Ramil', Сон","42, Ramil', Сон","42, Korol i Shut, Кукла колдуна"
"43, kizaru, Stick Out","43, kizaru, Stick Out","43, Manizha, RUSSIAN WOMAN","43, OG Buda, Добро Пожаловать (Prod. by wex & treepside)","43, OG Buda, Добро Пожаловать (Prod. by wex & treepside)","43, MORGENSHTERN, Cristal & МОЁТ","43, Ramil', Сон","43, Scriptonite, Положение","43, Scriptonite, Положение","43, OG Buda, Сайфер (feat. Егор Крид, SODA LUV & MAYOT)","43, Korol i Shut, Кукла колдуна","43, Zivert, Рокки","43, Mekhman, Копия пиратская","43, Minelli, Rampampam","43, GONE.Fludd, Плохая Сука","43, Korol i Shut, Кукла колдуна","43, Mekhman, Копия пиратская","43, Jah Khalib, Следуй за мной","43, Basta, Ты была права","43, Husky, Невидимка","43, Husky, Невидимка","43, Scriptonite, Положение","43, Basta, Ты была права","43, PlayaPhonk, PHONKY TOWN","43, SEEMEE, PUFFchick (prod. by Why $kidd & DooMee)","43, SEEMEE, WINDOWS [prod. by DooMee, TonySouljah & VisaGangBeatz]","43, Tima Belorusskih, Под Звездопадом","43, Tima Belorusskih, Под Звездопадом","43, PlayaPhonk, PHONKY TOWN","43, Basta, Ты была права","43, Scriptonite, Положение"
"44, Korol i Shut, Кукла колдуна","44, Korol i Shut, Кукла колдуна","44, Benedixhion, toxin","44, SLAVA MARLOW, ТЫ ГОРИШЬ КАК ОГОНЬ","44, MORGENSHTERN, Cristal & МОЁТ","44, Doja Cat, Kiss Me More (feat. SZA)","44, MORGENSHTERN, Cristal & МОЁТ","44, MORGENSHTERN, Cristal & МОЁТ","44, MORGENSHTERN, Cristal & МОЁТ","44, MAYOT, Снег","44, Ramil', Сон","44, Mekhman, Копия пиратская","44, Benedixhion, toxin","44, MORGENSHTERN, DINERO","44, Minelli, Rampampam","44, Mekhman, Копия пиратская","44, Scriptonite, Положение","44, Ramil', Сон","44, PlayaPhonk, PHONKY TOWN","44, Scriptonite, Положение","44, MORGENSHTERN, DINERO","44, Basta, Ты была права","44, Scriptonite, Положение","44, 10AGE, Пушка","44, Tyler, The Creator, CORSO","44, SLAVA MARLOW, ТЫ ГОРИШЬ КАК ОГОНЬ","44, PlayaPhonk, PHONKY TOWN","44, PlayaPhonk, PHONKY TOWN","44, Tima Belorusskih, Под Звездопадом","44, PlayaPhonk, PHONKY TOWN","44, Ramil', Сон"
"45, Scriptonite, Будьте здоровы","45, Scriptonite, Будьте здоровы","45, Scriptonite, Положение","45, Korol i Shut, Кукла колдуна","45, Doja Cat, Kiss Me More (feat. SZA)","45, Ramil', Сон","45, Scriptonite, Будьте здоровы","45, Doja Cat, Kiss Me More (feat. SZA)","45, Benedixhion, toxin","45, Go_A, SHUM","45, MORGENSHTERN, HUBLOT","45, Ramil', Сон","45, MORGENSHTERN, Cristal & МОЁТ","45, Korol i Shut, Кукла колдуна","45, Mekhman, Копия пиратская","45, Scriptonite, Положение","45, Yanix, Стейк","45, The Limba, Ронин","45, Scriptonite, Положение","45, Benedixhion, toxin","45, Benedixhion, toxin","45, Benedixhion, toxin","45, Benedixhion, toxin","45, Scriptonite, Положение","45, OG Buda, Сайфер (feat. Егор Крид, SODA LUV & MAYOT)","45, Basta, Ты была права","45, Korol i Shut, Кукла колдуна","45, Basta, Ты была права","45, Basta, Ты была права","45, Tima Belorusskih, Под Звездопадом","45, Basta, Ты была права"
"46, Scriptonite, Положение","46, Scriptonite, Положение","46, MORGENSHTERN, Cristal & МОЁТ","46, FEDUK, Песня про лето","46, Ramil', Сон","46, Scriptonite, Будьте здоровы","46, Max Korzh, Аттестат","46, Eldzhey, Candy Flip","46, MAYOT, Снег","46, MORGENSHTERN, Cristal & МОЁТ","46, Scriptonite, Положение","46, Scriptonite, Положение","46, Scriptonite, Положение","46, Mekhman, Копия пиратская","46, Korol i Shut, Кукла колдуна","46, The Limba, Ронин","46, The Limba, Ронин","46, PlayaPhonk, PHONKY TOWN","46, Mekhman, Копия пиратская","46, Basta, Ты была права","46, Basta, Ты была права","46, MORGENSHTERN, DINERO","46, MORGENSHTERN, DINERO","46, Benedixhion, toxin","46, Basta, Ты была права","46, Korol i Shut, Кукла колдуна","46, SLAVA MARLOW, ТЫ ГОРИШЬ КАК ОГОНЬ","46, Korol i Shut, Кукла колдуна","46, MORGENSHTERN, OLALA","46, MORGENSHTERN, OLALA","46, PlayaPhonk, PHONKY TOWN"
"47, TOMORROW X TOGETHER, 0X1=LOVESONG (I Know I Love You) feat. Seori","47, TOMORROW X TOGETHER, 0X1=LOVESONG (I Know I Love You) feat. Seori","47, SODA LUV, ХОТБОКС (prod. by Young Royce)","47, Ramil', Сон","47, MORGENSHTERN, GTA","47, Benedixhion, toxin","47, Doja Cat, Kiss Me More (feat. SZA)","47, MORGENSHTERN, NOMINALO","47, kizaru, Stick Out","47, Doja Cat, Kiss Me More (feat. SZA)","47, MORGENSHTERN, Cristal & МОЁТ","47, Benedixhion, toxin","47, DVRST, Close Eyes","47, Zivert, Рокки","47, Scriptonite, Положение","47, GONE.Fludd, Плохая Сука","47, Pretty Scream, Ты","47, MORGENSHTERN, DINERO","47, MORGENSHTERN, DINERO","47, MORGENSHTERN, DINERO","47, Scriptonite, Положение","47, Mekhman, Копия пиратская","47, MORGENSHTERN, Cristal & МОЁТ","47, MORGENSHTERN, DINERO","47, OG Buda, Добро Пожаловать (Prod. by wex & treepside)","47, PlayaPhonk, PHONKY TOWN","47, Basta, Ты была права","47, MORGENSHTERN, OLALA","47, SLAVA MARLOW, ТЫ ГОРИШЬ КАК ОГОНЬ","47, Benedixhion, toxin","47, ooes, ночь"
"48, MORGENSHTERN, PULL UP","48, MORGENSHTERN, PULL UP","48, SODA LUV, Коми","48, Doja Cat, Kiss Me More (feat. SZA)","48, Billie Eilish, Lost Cause","48, Scriptonite, Положение","48, Scriptonite, Положение","48, Benedixhion, toxin","48, Doja Cat, Kiss Me More (feat. SZA)","48, Benedixhion, toxin","48, Benedixhion, toxin","48, Doja Cat, Kiss Me More (feat. SZA)","48, Zivert, Рокки","48, Benedixhion, toxin","48, Benedixhion, toxin","48, Benedixhion, toxin","48, Benedixhion, toxin","48, Scriptonite, Положение","48, Benedixhion, toxin","48, Mekhman, Копия пиратская","48, Mekhman, Копия пиратская","48, MORGENSHTERN, Cristal & МОЁТ","48, Mekhman, Копия пиратская","48, MORGENSHTERN, Cristal & МОЁТ","48, MORGENSHTERN, Leck","48, MORGENSHTERN, OLALA","48, MORGENSHTERN, OLALA","48, SLAVA MARLOW, ТЫ ГОРИШЬ КАК ОГОНЬ","48, Korol i Shut, Кукла колдуна","48, SLAVA MARLOW, ТЫ ГОРИШЬ КАК ОГОНЬ","48, MORGENSHTERN, Cristal & МОЁТ"
"49, MORGENSHTERN, Cristal & МОЁТ","49, MORGENSHTERN, Cristal & МОЁТ","49, MORGENSHTERN, ПАПИН ТАНК","49, kizaru, Stick Out","49, kizaru, Stick Out","49, MORGENSHTERN, GTA","49, Benedixhion, toxin","49, kizaru, Stick Out","49, MORGENSHTERN, NOMINALO","49, kizaru, Stick Out","49, Doja Cat, Kiss Me More (feat. SZA)","49, Minelli, Rampampam","49, Minelli, Rampampam","49, Doja Cat, Kiss Me More (feat. SZA)","49, Zivert, Рокки","49, Pretty Scream, Ты","49, GONE.Fludd, Плохая Сука","49, Mekhman, Копия пиратская","49, MORGENSHTERN, Cristal & МОЁТ","49, MORGENSHTERN, Cristal & МОЁТ","49, MORGENSHTERN, Cristal & МОЁТ","49, Husky, Невидимка","49, 10AGE, Пушка","49, Mekhman, Копия пиратская","49, Tyler, The Creator, WUSYANAME","49, MORGENSHTERN, PABLO","49, SEEMEE, WINDOWS [prod. by DooMee, TonySouljah & VisaGangBeatz]","49, Benedixhion, toxin","49, Benedixhion, toxin","49, Korol i Shut, Кукла колдуна","49, MORGENSHTERN, OLALA"
"50, Benedixhion, toxin","50, Benedixhion, toxin","50, Алла Пугачева, София Ротару",,,,,,,,,,,,,,,,,,,,,,,,,,,,
