Unnamed: 0,2021-06-14 20:11:51.400090,2021-06-15 12:24:28.087918,2021-06-17 17:00:21.483857,2021-06-17 17:05:02.156113,2021-06-18 13:05:02.816042,2021-06-19 09:06:51.224857,2021-06-20 09:05:02.266565,2021-06-21 09:07:14.384251,2021-06-22 09:05:02.576620
0,"1, Джарахов, Markul, Я в моменте","1, BRANYA, MACAN, Пополам","1, BRANYA, MACAN, Пополам","1, BRANYA, MACAN, Пополам","1, BRANYA, MACAN, Пополам","1, BRANYA, MACAN, Пополам","1, BRANYA, MACAN, Пополам","1, BRANYA, MACAN, Пополам","1, BRANYA, MACAN, Пополам"
1,"2, HammAli & Navai, Птичка","2, Джарахов, Markul, Я в моменте","2, Джарахов, Markul, Я в моменте","2, Джарахов, Markul, Я в моменте","2, Джарахов, Markul, Я в моменте","2, Джарахов, Markul, Я в моменте","2, HammAli & Navai, Птичка","2, HammAli & Navai, Птичка","2, HammAli & Navai, Птичка"
2,"3, Mekhman, Копия пиратская","3, HammAli & Navai, Птичка","3, HammAli & Navai, Птичка","3, HammAli & Navai, Птичка","3, HammAli & Navai, Птичка","3, HammAli & Navai, Птичка","3, Джарахов, Markul, Я в моменте","3, Джарахов, Markul, Я в моменте","3, Джарахов, Markul, Я в моменте"
3,"4, Элджей, Candy Flip","4, Mekhman, Копия пиратская","4, Mekhman, Копия пиратская","4, Mekhman, Копия пиратская","4, Mekhman, Копия пиратская","4, Mekhman, Копия пиратская","4, Mekhman, Копия пиратская","4, Mekhman, Копия пиратская","4, 10AGE, Пушка"
4,"5, Баста, Ты была права","5, Элджей, Candy Flip","5, Элджей, Candy Flip","5, Элджей, Candy Flip","5, Элджей, Candy Flip","5, Элджей, Candy Flip","5, Элджей, Candy Flip","5, 10AGE, Пушка","5, Mekhman, Копия пиратская"
5,"6, Miyagi & Andy Panda feat. TumaniYO, Оттепель","6, Баста, Ты была права","6, Баста, Ты была права","6, Баста, Ты была права","6, Баста, Ты была права","6, Minelli, Rampampam","6, Minelli, Rampampam","6, Minelli, Rampampam","6, Minelli, Rampampam"
6,"7, GAYAZOV$ BROTHER$, Filatov & Karas, Пошла жара","7, Miyagi & Andy Panda feat. TumaniYO, Оттепель","7, Miyagi & Andy Panda feat. TumaniYO, Оттепель","7, Miyagi & Andy Panda feat. TumaniYO, Оттепель","7, Minelli, Rampampam","7, Баста, Ты была права","7, 10AGE, Пушка","7, Элджей, Candy Flip","7, Элджей, Candy Flip"
7,"8, DEAD BLONDE, Мальчик на девятке","8, GAYAZOV$ BROTHER$, Filatov & Karas, Пошла жара","8, Måneskin, Beggin'","8, Måneskin, Beggin'","8, Måneskin, Beggin'","8, Måneskin, Beggin'","8, GAYAZOV$ BROTHER$, Filatov & Karas, Пошла жара","8, GAYAZOV$ BROTHER$, Filatov & Karas, Пошла жара","8, MORGENSHTERN, ARISTOCRAT"
8,"9, 10AGE, Нету интереса","9, DEAD BLONDE, Мальчик на девятке","9, Minelli, Rampampam","9, Minelli, Rampampam","9, Miyagi & Andy Panda feat. TumaniYO, Оттепель","9, GAYAZOV$ BROTHER$, Filatov & Karas, Пошла жара","9, Måneskin, Beggin'","9, MORGENSHTERN, ARISTOCRAT","9, GAYAZOV$ BROTHER$, Filatov & Karas, Пошла жара"
9,"10, Miyagi & Andy Panda, Патрон","10, 10AGE, Нету интереса","10, GAYAZOV$ BROTHER$, Filatov & Karas, Пошла жара","10, GAYAZOV$ BROTHER$, Filatov & Karas, Пошла жара","10, GAYAZOV$ BROTHER$, Filatov & Karas, Пошла жара","10, Miyagi & Andy Panda feat. TumaniYO, Оттепель","10, Баста, Ты была права","10, Måneskin, Beggin'","10, Måneskin, Beggin'"
10,"11, Ollane feat. Miyagi & Andy Panda, Where Are You","11, Måneskin, Beggin'","11, Goro, Дорогу молодым","11, Goro, Дорогу молодым","11, Goro, Дорогу молодым","11, Goro, Дорогу молодым","11, MORGENSHTERN, ARISTOCRAT","11, Goro, Дорогу молодым","11, Goro, Дорогу молодым"
11,"12, MORGENSHTERN, ДУЛО","12, Miyagi & Andy Panda, Патрон","12, 10AGE, Нету интереса","12, 10AGE, Нету интереса","12, 10AGE, Нету интереса","12, MORGENSHTERN, ARISTOCRAT","12, Goro, Дорогу молодым","12, Баста, Ты была права","12, Баста, Ты была права"
12,"13, Måneskin, Beggin'","13, Minelli, Rampampam","13, Miyagi & Andy Panda, Патрон","13, Miyagi & Andy Panda, Патрон","13, MORGENSHTERN, ARISTOCRAT","13, 10AGE, Пушка","13, Miyagi & Andy Panda feat. TumaniYO, Оттепель","13, Miyagi & Andy Panda feat. TumaniYO, Оттепель","13, Miyagi & Andy Panda feat. TumaniYO, Оттепель"
13,"14, Ramil', Сон","14, The Limba, Скриптонит, Ронин","14, DEAD BLONDE, Мальчик на девятке","14, DEAD BLONDE, Мальчик на девятке","14, Miyagi & Andy Panda, Патрон","14, 10AGE, Нету интереса","14, 10AGE, Нету интереса","14, 10AGE, Нету интереса","14, 10AGE, Нету интереса"
14,"15, The Limba, Скриптонит, Ронин","15, Ollane feat. Miyagi & Andy Panda, Where Are You","15, The Limba, Скриптонит, Ронин","15, The Limba, Скриптонит, Ронин","15, DEAD BLONDE, Мальчик на девятке","15, Miyagi & Andy Panda, Патрон","15, DEAD BLONDE, Мальчик на девятке","15, Miyagi & Andy Panda, Патрон","15, Jah Khalib, Следуй за мной"
15,"16, Minelli, Rampampam","16, MORGENSHTERN, ДУЛО","16, Ollane feat. Miyagi & Andy Panda, Where Are You","16, Ollane feat. Miyagi & Andy Panda, Where Are You","16, The Limba, Скриптонит, Ронин","16, DEAD BLONDE, Мальчик на девятке","16, Miyagi & Andy Panda, Патрон","16, DEAD BLONDE, Мальчик на девятке","16, Miyagi & Andy Panda, Патрон"
16,"17, Султан Лагучев, Горький вкус","17, Goro, Дорогу молодым","17, Ramil', Сон","17, Ramil', Сон","17, Ollane feat. Miyagi & Andy Panda, Where Are You","17, Ramil', Сон","17, Султан Лагучев, Горький вкус","17, Султан Лагучев, Горький вкус","17, DEAD BLONDE, Мальчик на девятке"
17,"18, Goro, Дорогу молодым","18, Ramil', Сон","18, MORGENSHTERN, ДУЛО","18, MORGENSHTERN, ДУЛО","18, Ramil', Сон","18, MORGENSHTERN, ДУЛО","18, Ramil', Сон","18, Ramil', Сон","18, Ramil', Сон"
18,"19, MORGENSHTERN, SHOW","19, MORGENSHTERN, SHOW","19, MORGENSHTERN, SHOW","19, MORGENSHTERN, SHOW","19, MORGENSHTERN, ДУЛО","19, Ollane feat. Miyagi & Andy Panda, Where Are You","19, MORGENSHTERN, ДУЛО","19, Jah Khalib, Следуй за мной","19, Тима Белорусских, Под Звездопадом"
19,"20, DEAD BLONDE, Бесприданница","20, Султан Лагучев, Горький вкус","20, MORGENSHTERN, ARISTOCRAT","20, MORGENSHTERN, ARISTOCRAT","20, MORGENSHTERN, SHOW","20, Султан Лагучев, Горький вкус","20, Jah Khalib, Следуй за мной","20, MORGENSHTERN, ДУЛО","20, MORGENSHTERN, ДУЛО"
20,"21, Леша Свик, Сиреневый закат","21, DEAD BLONDE, Бесприданница","21, DEAD BLONDE, Бесприданница","21, DEAD BLONDE, Бесприданница","21, Султан Лагучев, Горький вкус","21, MORGENSHTERN, SHOW","21, Ollane feat. Miyagi & Andy Panda, Where Are You","21, Ollane feat. Miyagi & Andy Panda, Where Are You","21, Ollane feat. Miyagi & Andy Panda, Where Are You"
21,"22, MORGENSHTERN, Imanbek, Fetty Wap feat. KDDK, Leck","22, Леша Свик, Сиреневый закат","22, Султан Лагучев, Горький вкус","22, Султан Лагучев, Горький вкус","22, DEAD BLONDE, Бесприданница","22, Jah Khalib, Следуй за мной","22, MORGENSHTERN, SHOW","22, Тима Белорусских, Под Звездопадом","22, Просто Вопрос, Я даю тебе любовь"
22,"23, Dabro, На часах ноль-ноль","23, Просто Вопрос, Я даю тебе любовь","23, Просто Вопрос, Я даю тебе любовь","23, Просто Вопрос, Я даю тебе любовь","23, Просто Вопрос, Я даю тебе любовь","23, DEAD BLONDE, Бесприданница","23, DEAD BLONDE, Бесприданница","23, MORGENSHTERN, SHOW","23, Султан Лагучев, Горький вкус"
23,"24, Просто Вопрос, Я даю тебе любовь","24, MORGENSHTERN, Imanbek, Fetty Wap feat. KDDK, Leck","24, Леша Свик, Сиреневый закат","24, Леша Свик, Сиреневый закат","24, Леша Свик, Сиреневый закат","24, The Limba, Скриптонит, Ронин","24, Тима Белорусских, Под Звездопадом","24, DEAD BLONDE, Бесприданница","24, MORGENSHTERN, SHOW"
24,"25, Måneskin, I WANNA BE YOUR SLAVE","25, Dabro, На часах ноль-ноль","25, Måneskin, I WANNA BE YOUR SLAVE","25, Måneskin, I WANNA BE YOUR SLAVE","25, Måneskin, I WANNA BE YOUR SLAVE","25, Просто Вопрос, Я даю тебе любовь","25, Просто Вопрос, Я даю тебе любовь","25, Просто Вопрос, Я даю тебе любовь","25, DEAD BLONDE, Бесприданница"
25,"26, MAYOT, Снег","26, Måneskin, I WANNA BE YOUR SLAVE","26, MORGENSHTERN, Imanbek, Fetty Wap feat. KDDK, Leck","26, MORGENSHTERN, Imanbek, Fetty Wap feat. KDDK, Leck","26, MORGENSHTERN, Imanbek, Fetty Wap feat. KDDK, Leck","26, Тима Белорусских, Под Звездопадом","26, Galibri & Mavik, Федерико Феллини","26, Galibri & Mavik, Федерико Феллини","26, Galibri & Mavik, Федерико Феллини"
26,"27, Artik & Asti, Истеричка","27, MAYOT, Снег","27, Dabro, На часах ноль-ноль","27, Dabro, На часах ноль-ноль","27, Dabro, На часах ноль-ноль","27, Måneskin, I WANNA BE YOUR SLAVE","27, Dabro, На часах ноль-ноль","27, Dabro, На часах ноль-ноль","27, Måneskin, I WANNA BE YOUR SLAVE"
27,"28, MORGENSHTERN, SODA LUV, blago white, OG Buda, MAYOT, Cristal & МОЁТ","28, Artik & Asti, Истеричка","28, MAYOT, Снег","28, MAYOT, Снег","28, MORGENSHTERN, SODA LUV, blago white, OG Buda, MAYOT, Cristal & МОЁТ","28, MORGENSHTERN, Imanbek, Fetty Wap feat. KDDK, Leck","28, Måneskin, I WANNA BE YOUR SLAVE","28, MORGENSHTERN, Imanbek, Fetty Wap feat. KDDK, Leck","28, Dabro, На часах ноль-ноль"
28,"29, NLO, Не грусти","29, MORGENSHTERN, SODA LUV, blago white, OG Buda, MAYOT, Cristal & МОЁТ","29, MORGENSHTERN, SODA LUV, blago white, OG Buda, MAYOT, Cristal & МОЁТ","29, MORGENSHTERN, SODA LUV, blago white, OG Buda, MAYOT, Cristal & МОЁТ","29, MAYOT, Снег","29, Dabro, На часах ноль-ноль","29, The Limba, Скриптонит, Ронин","29, Måneskin, I WANNA BE YOUR SLAVE","29, MORGENSHTERN, Imanbek, Fetty Wap feat. KDDK, Leck"
29,"30, Ханза, Ramil', Плачь и Танцуй","30, NLO, Не грусти","30, Moreart feat. IHI, Я буду е***ь ","30, Moreart feat. IHI, Я буду е***ь ","30, Moreart feat. IHI, Я буду е***ь ","30, Леша Свик, Сиреневый закат","30, MORGENSHTERN, Imanbek, Fetty Wap feat. KDDK, Leck","30, The Limba, Скриптонит, Ронин","30, Moreart feat. IHI, Я буду е***ь "
30,"31, The Hatters feat. Джарахов, Я делаю шаг (feat. Джарахов)","31, Zivert, Рокки","31, Zivert, Рокки","31, Zivert, Рокки","31, Zivert, Рокки","31, Galibri & Mavik, Федерико Феллини","31, Ганвест, Дурная","31, Artik & Asti, Истеричка","31, The Limba, Скриптонит, Ронин"
31,"32, Måneskin, ZITTI E BUONI","32, NLO, Напиваюсь","32, NLO, Напиваюсь","32, NLO, Напиваюсь","32, Måneskin, ZITTI E BUONI","32, Ганвест, Дурная","32, Artik & Asti, Истеричка","32, Ганвест, Дурная","32, Miyagi & Andy Panda, Minor"
32,"33, NLO, Напиваюсь","33, Ханза, Ramil', Плачь и Танцуй","33, Artik & Asti, Истеричка","33, Artik & Asti, Истеричка","33, Galibri & Mavik, Федерико Феллини","33, MORGENSHTERN, SODA LUV, blago white, OG Buda, MAYOT, Cristal & МОЁТ","33, MORGENSHTERN, SODA LUV, blago white, OG Buda, MAYOT, Cristal & МОЁТ","33, Moreart feat. IHI, Я буду е***ь ","33, Ганвест, Дурная"
33,"34, Элджей, Первая Полоса","34, The Hatters feat. Джарахов, Я делаю шаг (feat. Джарахов)","34, NLO, Не грусти","34, NLO, Не грусти","34, Artik & Asti, Истеричка","34, Moreart feat. IHI, Я буду е***ь ","34, Леша Свик, Сиреневый закат","34, Miyagi & Andy Panda, Minor","34, Pretty Scream, MAYOT, Ты"
34,"35, Zivert, Рокки","35, Moreart feat. IHI, Я буду е***ь","35, Ханза, Ramil', Плачь и Танцуй","35, Ханза, Ramil', Плачь и Танцуй","35, NLO, Не грусти","35, Artik & Asti, Истеричка","35, Moreart feat. IHI, Я буду е***ь ","35, MORGENSHTERN, SODA LUV, blago white, OG Buda, MAYOT, Cristal & МОЁТ","35, MORGENSHTERN, SODA LUV, blago white, OG Buda, MAYOT, Cristal & МОЁТ"
35,"36, 104 feat. Miyagi, Скриптонит, НЕ ЖАЛЬ (feat. Miyagi & Скриптонит)","36, Элджей, Первая Полоса","36, ooes, зима","36, ooes, зима","36, Ханза, Ramil', Плачь и Танцуй","36, MAYOT, Снег","36, NLO, Не грусти","36, NLO, Не грусти","36, Леша Свик, Сиреневый закат"
36,"37, Moreart feat. IHI, Я буду е***ь","37, 104 feat. Miyagi, Скриптонит, НЕ ЖАЛЬ (feat. Miyagi & Скриптонит)","37, Элджей, Первая Полоса","37, Элджей, Первая Полоса","37, NLO, Напиваюсь","37, NLO, Не грусти","37, 104 feat. Miyagi, Скриптонит, НЕ ЖАЛЬ (feat. Miyagi & Скриптонит)","37, 104 feat. Miyagi, Скриптонит, НЕ ЖАЛЬ (feat. Miyagi & Скриптонит)","37, MAYOT, Снег"
37,"38, Лилу45, Восемь","38, Måneskin, ZITTI E BUONI","38, MORGENSHTERN, OLALA","38, MORGENSHTERN, OLALA","38, 104 feat. Miyagi, Скриптонит, НЕ ЖАЛЬ (feat. Miyagi & Скриптонит)","38, Ханза, Ramil', Плачь и Танцуй","38, MAYOT, Снег","38, Леша Свик, Сиреневый закат","38, 104 feat. Miyagi, Скриптонит, НЕ ЖАЛЬ (feat. Miyagi & Скриптонит)"
38,"39, MORGENSHTERN, OLALA","39, Лилу45, Восемь","39, 104 feat. Miyagi, Скриптонит, НЕ ЖАЛЬ (feat. Miyagi & Скриптонит)","39, 104 feat. Miyagi, Скриптонит, НЕ ЖАЛЬ (feat. Miyagi & Скриптонит)","39, MORGENSHTERN, OLALA","39, 104 feat. Miyagi, Скриптонит, НЕ ЖАЛЬ (feat. Miyagi & Скриптонит)","39, Ханза, Ramil', Плачь и Танцуй","39, MAYOT, Снег","39, Artik & Asti, Истеричка"
39,"40, Miyagi & Andy Panda, Minor","40, MORGENSHTERN, OLALA","40, The Hatters feat. Джарахов, Я делаю шаг (feat. Джарахов)","40, The Hatters feat. Джарахов, Я делаю шаг (feat. Джарахов)","40, Элджей, Первая Полоса","40, MORGENSHTERN, OLALA","40, Miyagi & Andy Panda, Minor","40, Pretty Scream, MAYOT, Ты","40, NLO, Не грусти"
40,"41, MORGENSHTERN, ARISTOCRAT","41, MORGENSHTERN, ARISTOCRAT","41, Måneskin, ZITTI E BUONI","41, Måneskin, ZITTI E BUONI","41, The Hatters feat. Джарахов, Я делаю шаг (feat. Джарахов)","41, Måneskin, ZITTI E BUONI","41, Pretty Scream, MAYOT, Ты","41, Ханза, Ramil', Плачь и Танцуй","41, Måneskin, ZITTI E BUONI"
41,"42, SEEMEE feat. SODA LUV, Голодный пёс","42, Miyagi & Andy Panda, Minor","42, Galibri & Mavik, Федерико Феллини","42, Galibri & Mavik, Федерико Феллини","42, Miyagi & Andy Panda, Minor","42, NLO, Напиваюсь","42, MORGENSHTERN, OLALA","42, Miyagi & Andy Panda, Там ревели горы","42, Ханза, Ramil', Плачь и Танцуй"
42,"43, Masked Wolf, Astronaut In The Ocean","43, SEEMEE feat. SODA LUV, Голодный пёс","43, Лилу45, Восемь","43, Лилу45, Восемь","43, Лилу45, Восемь","43, Miyagi & Andy Panda, Minor","43, Миша Марвин, Девочка, не бойся","43, RAIKAHO, Soul, Из чёрного мерина (by Atlanta)","43, Miyagi & Andy Panda, Там ревели горы"
43,"44, Miyagi & Andy Panda, Там ревели горы","44, Masked Wolf, Astronaut In The Ocean","44, Miyagi & Andy Panda, Minor","44, Miyagi & Andy Panda, Minor","44, RAIKAHO, Soul, Из чёрного мерина (by Atlanta)","44, The Hatters feat. Джарахов, Я делаю шаг (feat. Джарахов)","44, Лилу45, Восемь","44, MORGENSHTERN, OLALA","44, MORGENSHTERN, OLALA"
44,"45, МОТ, JONY, Лилии","45, МОТ, JONY, Лилии","45, SEEMEE feat. SODA LUV, Голодный пёс","45, SEEMEE feat. SODA LUV, Голодный пёс","45, SEEMEE feat. SODA LUV, Голодный пёс","45, Лилу45, Восемь","45, Miyagi & Andy Panda, Там ревели горы","45, Миша Марвин, Девочка, не бойся","45, RAIKAHO, Soul, Из чёрного мерина (by Atlanta)"
45,"46, SODA LUV, WHY BERRY, Бигасс","46, ooes, зима","46, RAIKAHO, Soul, Из чёрного мерина (by Atlanta)","46, RAIKAHO, Soul, Из чёрного мерина (by Atlanta)","46, ooes, зима","46, Миша Марвин, Девочка, не бойся","46, The Hatters feat. Джарахов, Я делаю шаг (feat. Джарахов)","46, SEEMEE feat. SODA LUV, Голодный пёс","46, Миша Марвин, Девочка, не бойся"
46,"47, MORGENSHTERN, PABLO","47, Miyagi & Andy Panda, Там ревели горы","47, SODA LUV, WHY BERRY, Бигасс","47, SODA LUV, WHY BERRY, Бигасс","47, Miyagi & Andy Panda, Там ревели горы","47, Элджей, Первая Полоса","47, Masked Wolf, Astronaut In The Ocean","47, Лилу45, Восемь","47, SEEMEE feat. SODA LUV, Голодный пёс"
47,"48, BODIEV, Крузак 200","48, RAIKAHO, Soul, Из чёрного мерина (by Atlanta)","48, Masked Wolf, Astronaut In The Ocean","48, Masked Wolf, Astronaut In The Ocean","48, Masked Wolf, Astronaut In The Ocean","48, SEEMEE feat. SODA LUV, Голодный пёс","48, SEEMEE feat. SODA LUV, Голодный пёс","48, Masked Wolf, Astronaut In The Ocean","48, Лилу45, Восемь"
48,"49, Скриптонит, Будьте здоровы","49, SODA LUV, WHY BERRY, Бигасс","49, MORGENSHTERN, DINERO","49, MORGENSHTERN, DINERO","49, Скриптонит, Райда, Baby mama","49, Zivert, Рокки","49, Måneskin, ZITTI E BUONI","49, The Hatters feat. Джарахов, Я делаю шаг (feat. Джарахов)","49, Скриптонит, Райда, Baby mama"
49,"50, Хабиб, Ягода малинка","50, Скриптонит, Будьте здоровы","50, Miyagi & Andy Panda, Там ревели горы","50, Miyagi & Andy Panda, Там ревели горы","50, SODA LUV, WHY BERRY, Бигасс","50, RAIKAHO, Soul, Из чёрного мерина (by Atlanta)","50, RAIKAHO, Soul, Из чёрного мерина (by Atlanta)","50, Скриптонит, Райда, Baby mama","50, NLO, Напиваюсь"
50,"51, SLAVA MARLOW, ТЫ ГОРИШЬ КАК ОГОНЬ","51, MORGENSHTERN, PABLO","51, МОТ, JONY, Лилии","51, МОТ, JONY, Лилии","51, MORGENSHTERN, DINERO","51, Miyagi & Andy Panda, Там ревели горы","51, Хабиб, Ягода малинка","51, Måneskin, ZITTI E BUONI","51, Masked Wolf, Astronaut In The Ocean"
51,"52, ooes, зима","52, Jamik, PUSSYKILLER, Франция","52, Асия, Аня Pokrov, Любовь с картинки","52, Асия, Аня Pokrov, Любовь с картинки","52, МОТ, JONY, Лилии","52, Masked Wolf, Astronaut In The Ocean","52, NLO, Напиваюсь","52, Клава Кока, Руки Вверх, Нокаут","52, The Hatters feat. Джарахов, Я делаю шаг (feat. Джарахов)"
52,"53, RAIKAHO, Soul, Из чёрного мерина (by Atlanta)","53, BODIEV, Крузак 200","53, MORGENSHTERN, PABLO","53, MORGENSHTERN, PABLO","53, Клава Кока, Руки Вверх, Нокаут","53, Скриптонит, Райда, Baby mama","53, Клава Кока, Руки Вверх, Нокаут","53, МОТ, JONY, Лилии","53, МОТ, JONY, Лилии"
53,"54, Jamik, PUSSYKILLER, Франция","54, Асия, Аня Pokrov, Любовь с картинки","54, Скриптонит, Райда, Baby mama","54, Скриптонит, Райда, Baby mama","54, MORGENSHTERN, PABLO","54, Клава Кока, Руки Вверх, Нокаут","54, Скриптонит, Райда, Baby mama","54, NLO, Напиваюсь","54, Вика Коробкова, Даша Волосевич, Бывшая"
54,"55, Клава Кока, Руки Вверх, Нокаут","55, Клава Кока, Руки Вверх, Нокаут","55, SODA LUV feat. SQWOZ BAB, КАЗАНТИП","55, SODA LUV feat. SQWOZ BAB, КАЗАНТИП","55, SODA LUV feat. SQWOZ BAB, КАЗАНТИП","55, МОТ, JONY, Лилии","55, Элджей, Первая Полоса","55, Хабиб, Ягода малинка","55, Клава Кока, Руки Вверх, Нокаут"
55,"56, SODA LUV feat. SQWOZ BAB, КАЗАНТИП","56, SODA LUV feat. SQWOZ BAB, КАЗАНТИП","56, Клава Кока, Руки Вверх, Нокаут","56, Клава Кока, Руки Вверх, Нокаут","56, Асия, Аня Pokrov, Любовь с картинки","56, MORGENSHTERN, PABLO","56, МОТ, JONY, Лилии","56, BODIEV, Крузак 200","56, Элджей, Первая Полоса"
56,"57, MORGENSHTERN, DINERO","57, Galibri & Mavik, Федерико Феллини","57, Скриптонит, Будьте здоровы","57, Скриптонит, Будьте здоровы","57, Jamik, PUSSYKILLER, Франция","57, MORGENSHTERN, DINERO","57, SLAVA MARLOW, ТЫ ГОРИШЬ КАК ОГОНЬ","57, Jamik, PUSSYKILLER, Франция","57, ooes, зима"
57,"58, Karna.val, Ромашки","58, HENSY, PIZZA, Неидеальная","58, Jamik, PUSSYKILLER, Франция","58, Jamik, PUSSYKILLER, Франция","58, Скриптонит, Будьте здоровы","58, SODA LUV, WHY BERRY, Бигасс","58, BODIEV, Крузак 200","58, SLAVA MARLOW, ТЫ ГОРИШЬ КАК ОГОНЬ","58, MORGENSHTERN, DINERO"
58,"59, Idris & Leos, Вечер пятницы","59, Idris & Leos, Вечер пятницы","59, МОТ, LYRIQ, Не Бруклин","59, МОТ, LYRIQ, Не Бруклин","59, BODIEV, Крузак 200","59, ooes, зима","59, MORGENSHTERN, PABLO","59, Элджей, Первая Полоса","59, MORGENSHTERN, PABLO"
59,"60, Galibri & Mavik, Федерико Феллини","60, MORGENSHTERN, DINERO","60, BODIEV, Крузак 200","60, BODIEV, Крузак 200","60, МОТ, LYRIQ, Не Бруклин","60, Jamik, PUSSYKILLER, Франция","60, Jamik, PUSSYKILLER, Франция","60, MORGENSHTERN, PABLO","60, BODIEV, Крузак 200"
60,"61, DJ Smash, MORGENSHTERN, Новая волна","61, MACAN, Fell in Love","61, MACAN, Fell in Love","61, MACAN, Fell in Love","61, Idris & Leos, Вечер пятницы","61, SODA LUV feat. SQWOZ BAB, КАЗАНТИП","61, Zivert, Рокки","61, MORGENSHTERN, DINERO","61, Jamik, PUSSYKILLER, Франция"
61,"62, Султан Лагучев, Между нами война","62, SLAVA MARLOW, ТЫ ГОРИШЬ КАК ОГОНЬ","62, Idris & Leos, Вечер пятницы","62, Idris & Leos, Вечер пятницы","62, MACAN, Fell in Love","62, Асия, Аня Pokrov, Любовь с картинки","62, MORGENSHTERN, DINERO","62, SODA LUV feat. SQWOZ BAB, КАЗАНТИП","62, SODA LUV feat. SQWOZ BAB, КАЗАНТИП"
62,"63, HENSY, PIZZA, Неидеальная","63, МОТ, LYRIQ, Не Бруклин","63, Pretty Scream, MAYOT, Ты","63, Pretty Scream, MAYOT, Ты","63, Pretty Scream, MAYOT, Ты","63, BODIEV, Крузак 200","63, SODA LUV feat. SQWOZ BAB, КАЗАНТИП","63, DJ Smash, MORGENSHTERN, Новая волна","63, SODA LUV, WHY BERRY, Бигасс"
63,"64, MACAN, Fell in Love","64, Karna.val, Ромашки","64, SLAVA MARLOW, ТЫ ГОРИШЬ КАК ОГОНЬ","64, SLAVA MARLOW, ТЫ ГОРИШЬ КАК ОГОНЬ","64, SLAVA MARLOW, ТЫ ГОРИШЬ КАК ОГОНЬ","64, SLAVA MARLOW, ТЫ ГОРИШЬ КАК ОГОНЬ","64, ooes, зима","64, ooes, зима","64, Galibri & Mavik, Федерико Феллини (Pitched Version)"
64,"65, МОТ, LYRIQ, Не Бруклин","65, Скриптонит, Райда, Baby mama","65, SODA LUV, Тысячи рук","65, SODA LUV, Тысячи рук","65, Ганвест, Дурная","65, Скриптонит, Будьте здоровы","65, DJ Smash, MORGENSHTERN, Новая волна","65, SODA LUV, WHY BERRY, Бигасс","65, GAYAZOV$ BROTHER$, Rosa X"
65,"66, Скриптонит, Райда, Baby mama","66, Султан Лагучев, Между нами война","66, HENSY, PIZZA, Неидеальная","66, HENSY, PIZZA, Неидеальная","66, DJ Smash, MORGENSHTERN, Новая волна","66, МОТ, LYRIQ, Не Бруклин","66, SODA LUV, WHY BERRY, Бигасс","66, Galibri & Mavik, Федерико Феллини (Pitched Version)","66, МОТ, LYRIQ, Не Бруклин"
66,"67, Анет Сай, NILETTO, Не люблю?","67, DJ Smash, MORGENSHTERN, Новая волна","67, WhyBaby?, UncleFlexxx, ONLY FANS","67, WhyBaby?, UncleFlexxx, ONLY FANS","67, WhyBaby?, UncleFlexxx, ONLY FANS","67, Pretty Scream, MAYOT, Ты","67, Анет Сай, NILETTO, Не люблю?","67, Zivert, Рокки","67, DJ Smash, MORGENSHTERN, Новая волна"
67,"68, SODA LUV, Тысячи рук","68, Хабиб, Ягода малинка","68, DJ Smash, MORGENSHTERN, Новая волна","68, DJ Smash, MORGENSHTERN, Новая волна","68, SODA LUV, Тысячи рук","68, DJ Smash, MORGENSHTERN, Новая волна","68, Ramil', Сияй","68, Ramil', Сияй","68, Zivert, Рокки"
68,"69, INSTASAMKA, Juicy","69, SODA LUV, Тысячи рук","69, Султан Лагучев, Между нами война","69, Султан Лагучев, Между нами война","69, Султан Лагучев, Между нами война","69, Хабиб, Ягода малинка","69, МОТ, LYRIQ, Не Бруклин","69, Анет Сай, NILETTO, Не люблю?","69, SLAVA MARLOW, ТЫ ГОРИШЬ КАК ОГОНЬ"
69,"70, Ramil', Сияй","70, Анет Сай, NILETTO, Не люблю?","70, Nikitata, ПОЛЮБИ МЕНЯ СИЛЬНЕЙ","70, Nikitata, ПОЛЮБИ МЕНЯ СИЛЬНЕЙ","70, Анет Сай, NILETTO, Не люблю?","70, WhyBaby?, UncleFlexxx, ONLY FANS","70, Султан Лагучев, Между нами война","70, МОТ, LYRIQ, Не Бруклин","70, Асия, Аня Pokrov, Любовь с картинки"
70,"71, Niman feat. Truwer, Талия","71, WhyBaby?, UncleFlexxx, ONLY FANS","71, Karna.val, Ромашки","71, Karna.val, Ромашки","71, Хабиб, Ягода малинка","71, MACAN, Fell in Love","71, Niman feat. Truwer, Талия","71, Niman feat. Truwer, Талия","71, нексюша, На твиче"
71,"72, Ваня Дмитриенко, Венера-Юпитер","72, Niman feat. Truwer, Талия","72, Анет Сай, NILETTO, Не люблю?","72, Анет Сай, NILETTO, Не люблю?","72, HENSY, PIZZA, Неидеальная","72, Анет Сай, NILETTO, Не люблю?","72, Скриптонит, Будьте здоровы","72, Султан Лагучев, Между нами война","72, Måneskin, CORALINE"
72,"73, Элджей, Крестики - Нолики","73, Nikitata, ПОЛЮБИ МЕНЯ СИЛЬНЕЙ","73, Aarne, The Limba, Markul, Noir","73, Aarne, The Limba, Markul, Noir","73, Aarne, The Limba, Markul, Noir","73, Султан Лагучев, Между нами война","73, LOBODA, Родной","73, нексюша, На твиче","73, WhyBaby?, UncleFlexxx, ONLY FANS"
73,"74, WhyBaby?, UncleFlexxx, ONLY FANS","74, INSTASAMKA, Juicy","74, Måneskin, CORALINE","74, Måneskin, CORALINE","74, Ramil', Сияй","74, Ramil', Сияй","74, MACAN, Fell in Love","74, Скриптонит, Будьте здоровы","74, Хабиб, Ягода малинка"
74,"75, WallClan, Пьяные танцы","75, PUSSYKILLER, Хрусталь","75, Niman feat. Truwer, Талия","75, Niman feat. Truwer, Талия","75, Nikitata, ПОЛЮБИ МЕНЯ СИЛЬНЕЙ","75, Niman feat. Truwer, Талия","75, Ваня Дмитриенко, Венера-Юпитер","75, MACAN, Fell in Love","75, Скриптонит, Будьте здоровы"
75,"76, LOBODA, Родной","76, Aarne, The Limba, Markul, Noir","76, Хабиб, Ягода малинка","76, Хабиб, Ягода малинка","76, Niman feat. Truwer, Талия","76, SODA LUV, Тысячи рук","76, Асия, Аня Pokrov, Любовь с картинки","76, WhyBaby?, UncleFlexxx, ONLY FANS","76, Анет Сай, NILETTO, Не люблю?"
76,"77, Yanix, OG Buda, 163ONMYNECK, Стейк","77, Ramil', Сияй","77, INSTASAMKA, Juicy","77, INSTASAMKA, Juicy","77, Måneskin, CORALINE","77, нексюша, На твиче","77, WallClan, Пьяные танцы","77, Ваня Дмитриенко, Венера-Юпитер","77, MACAN, Fell in Love"
77,"78, Jamik, Движки","78, LOBODA, Родной","78, Ramil', Сияй","78, Ramil', Сияй","78, Karna.val, Ромашки","78, Хаски, Невидимка","78, WhyBaby?, UncleFlexxx, ONLY FANS","78, Асия, Аня Pokrov, Любовь с картинки","78, Niman feat. Truwer, Талия"
78,"79, Aarne, The Limba, Markul, Noir","79, Jamik, Движки","79, Jamik, Движки","79, Jamik, Движки","79, Jamik, Движки","79, LOBODA, Родной","79, SODA LUV, Тысячи рук","79, LOBODA, Родной","79, Ramil', Сияй"
79,"80, MORGENSHTERN, Я КОГДА-НИБУДЬ УЙДУ","80, Элджей, Крестики - Нолики","80, MORGENSHTERN, Я КОГДА-НИБУДЬ УЙДУ","80, MORGENSHTERN, Я КОГДА-НИБУДЬ УЙДУ","80, нексюша, На твиче","80, WallClan, Пьяные танцы","80, Гуф, Murovei feat. V $ X V PRiNCE, Ураган (feat. V $ X V PRiNCE)","80, Гуф, Murovei feat. V $ X V PRiNCE, Ураган (feat. V $ X V PRiNCE)","80, MACAN, Кино"
80,"81, VAVAN, Руки Вверх, Ай-яй-яй","81, Måneskin, CORALINE","81, WallClan, Пьяные танцы","81, WallClan, Пьяные танцы","81, MACAN, Кино","81, Aarne, The Limba, Markul, Noir","81, Galibri & Mavik, Федерико Феллини (Pitched Version)","81, WallClan, Пьяные танцы","81, SODA LUV, Тысячи рук"
81,"82, Nikitata, ПОЛЮБИ МЕНЯ СИЛЬНЕЙ","82, Ваня Дмитриенко, Венера-Юпитер","82, LOBODA, Родной","82, LOBODA, Родной","82, LOBODA, Родной","82, Ваня Дмитриенко, Венера-Юпитер","82, VAVAN, Руки Вверх, Ай-яй-яй","82, SODA LUV, Тысячи рук","82, Aarne, The Limba, Markul, Noir"
82,"83, Måneskin, CORALINE","83, Yanix, OG Buda, 163ONMYNECK, Стейк","83, MORGENSHTERN, HUBLOT","83, MORGENSHTERN, HUBLOT","83, OG Buda, Старшие (feat. Polyana)","83, MACAN, Кино","83, нексюша, На твиче","83, MACAN, Кино","83, OG Buda, Старшие (feat. Polyana)"
83,"84, Idris & Leos, Образ","84, WallClan, Пьяные танцы","84, OG Buda, Старшие (feat. Polyana)","84, OG Buda, Старшие (feat. Polyana)","84, Ваня Дмитриенко, Венера-Юпитер","84, OG Buda, Старшие (feat. Polyana)","84, Ислам Итляшев, Она любила розы","84, Скриптонит, Чистый","84, Султан Лагучев, Между нами война"
84,"85, MORGENSHTERN, Cristal & МОЁТ","85, MORGENSHTERN, Я КОГДА-НИБУДЬ УЙДУ","85, MACAN, Кино","85, MACAN, Кино","85, WallClan, Пьяные танцы","85, Idris & Leos, Вечер пятницы","85, MACAN, Кино","85, Miyagi feat. TumaniYO, KADI, Bismarck","85, WallClan, Пьяные танцы"
85,"86, Скриптонит, Чистый","86, Idris & Leos, Образ","86, Ваня Дмитриенко, Венера-Юпитер","86, Ваня Дмитриенко, Венера-Юпитер","86, Idris & Leos, Образ","86, Nikitata, ПОЛЮБИ МЕНЯ СИЛЬНЕЙ","86, Скриптонит, Чистый","86, VAVAN, Руки Вверх, Ай-яй-яй","86, Miyagi & Andy Panda, Yamakasi"
86,"87, Ислам Итляшев, Она любила розы","87, Pretty Scream, MAYOT, Ты","87, Скриптонит, Чистый","87, Скриптонит, Чистый","87, INSTASAMKA, Juicy","87, Jamik, Движки","87, Aarne, The Limba, Markul, Noir","87, Ислам Итляшев, Она любила розы","87, Miyagi feat. TumaniYO, KADI, Bismarck"
87,"88, Гуф, Murovei feat. V $ X V PRiNCE, Ураган (feat. V $ X V PRiNCE)","88, Скриптонит, Чистый","88, Idris & Leos, Образ","88, Idris & Leos, Образ","88, Скриптонит, Чистый","88, Måneskin, CORALINE","88, MORGENSHTERN, Cristal & МОЁТ","88, Скриптонит, Москва любит...","88, Скриптонит, Чистый"
88,"89, T-Fest, Не бесконечно","89, T-Fest, Не бесконечно","89, Элджей, Крестики - Нолики","89, Элджей, Крестики - Нолики","89, MORGENSHTERN, Я КОГДА-НИБУДЬ УЙДУ","89, Гуф, Murovei feat. V $ X V PRiNCE, Ураган (feat. V $ X V PRiNCE)","89, Макс Барских, Zivert, BESTSELLER","89, OG Buda, Старшие (feat. Polyana)","89, LOBODA, Родной"
89,"90, Баста feat. Алёна Омаргалиева, Я поднимаюсь над землей (feat. Алёна Омаргалиева)","90, VAVAN, Руки Вверх, Ай-яй-яй","90, MORGENSHTERN, NOMINALO","90, MORGENSHTERN, NOMINALO","90, MORGENSHTERN, HUBLOT","90, Скриптонит, Чистый","90, Скриптонит, Москва любит...","90, Aarne, The Limba, Markul, Noir","90, Ваня Дмитриенко, Венера-Юпитер"
90,"91, Асия, Как ты там","91, MORGENSHTERN, Cristal & МОЁТ","91, T-Fest, Не бесконечно","91, T-Fest, Не бесконечно","91, Miyagi feat. TumaniYO, KADI, Bismarck","91, HENSY, PIZZA, Неидеальная","91, Jamik, Движки","91, Miyagi & Andy Panda, Yamakasi","91, Jamik, Движки"
91,"92, OG Buda, Старшие (feat. Polyana)","92, OG Buda, Старшие (feat. Polyana)","92, Yanix, OG Buda, 163ONMYNECK, Стейк","92, Yanix, OG Buda, 163ONMYNECK, Стейк","92, Гуф, Murovei feat. V $ X V PRiNCE, Ураган (feat. V $ X V PRiNCE)","92, Idris & Leos, Образ","92, OG Buda, Старшие (feat. Polyana)","92, MORGENSHTERN, Cristal & МОЁТ","92, Гуф, Murovei feat. V $ X V PRiNCE, Ураган (feat. V $ X V PRiNCE)"
92,"93, Скриптонит, Москва любит...","93, Miyagi feat. TumaniYO, KADI, Bismarck","93, Miyagi feat. TumaniYO, KADI, Bismarck","93, Miyagi feat. TumaniYO, KADI, Bismarck","93, Скриптонит, Москва любит...","93, MORGENSHTERN, Я КОГДА-НИБУДЬ УЙДУ","93, Miyagi feat. TumaniYO, KADI, Bismarck","93, Jamik, Движки","93, Скриптонит, Москва любит..."
93,"94, Miyagi feat. TumaniYO, KADI, Bismarck","94, Асия, Как ты там","94, Гуф, Murovei feat. V $ X V PRiNCE, Ураган (feat. V $ X V PRiNCE)","94, Гуф, Murovei feat. V $ X V PRiNCE, Ураган (feat. V $ X V PRiNCE)","94, MORGENSHTERN, NOMINALO","94, MORGENSHTERN, HUBLOT","94, Dabro, Юность","94, Måneskin, CORALINE","94, Nikitata, ПОЛЮБИ МЕНЯ СИЛЬНЕЙ"
94,"95, Manizha, RUSSIAN WOMAN","95, Гуф, Murovei feat. V $ X V PRiNCE, Ураган (feat. V $ X V PRiNCE)","95, Скриптонит, Москва любит...","95, Скриптонит, Москва любит...","95, MORGENSHTERN, Cristal & МОЁТ","95, Miyagi feat. TumaniYO, KADI, Bismarck","95, Nikitata, ПОЛЮБИ МЕНЯ СИЛЬНЕЙ","95, Nikitata, ПОЛЮБИ МЕНЯ СИЛЬНЕЙ","95, Idris & Leos, Образ"
95,"96, MORGENSHTERN, NOMINALO","96, Баста feat. Алёна Омаргалиева, Я поднимаюсь над землей (feat. Алёна Омаргалиева)","96, Баста feat. Алёна Омаргалиева, Я поднимаюсь над землей (feat. Алёна Омаргалиева)","96, Баста feat. Алёна Омаргалиева, Я поднимаюсь над землей (feat. Алёна Омаргалиева)","96, Баста feat. Алёна Омаргалиева, Я поднимаюсь над землей (feat. Алёна Омаргалиева)","96, MORGENSHTERN, Cristal & МОЁТ","96, Måneskin, CORALINE","96, Dabro, Юность","96, Баста feat. Алёна Омаргалиева, Я поднимаюсь над землей (feat. Алёна Омаргалиева)"
96,"97, MORGENSHTERN, HUBLOT","97, Скриптонит, Москва любит...","97, MORGENSHTERN, Cristal & МОЁТ","97, MORGENSHTERN, Cristal & МОЁТ","97, LOVV66, Трап Трап","97, Скриптонит, Москва любит...","97, Баста feat. Алёна Омаргалиева, Я поднимаюсь над землей (feat. Алёна Омаргалиева)","97, Баста feat. Алёна Омаргалиева, Я поднимаюсь над землей (feat. Алёна Омаргалиева)","97, MORGENSHTERN, Cristal & МОЁТ"
97,"98, Pretty Scream, MAYOT, Ты","98, Ислам Итляшев, Она любила розы","98, Асия, Как ты там","98, Асия, Как ты там","98, Элджей, Крестики - Нолики","98, Galibri & Mavik, Федерико Феллини (Pitched Version)","98, SLAVA MARLOW, Снова я напиваюсь","98, Макс Барских, Zivert, BESTSELLER","98, VAVAN, Руки Вверх, Ай-яй-яй"
98,"99, MORGENSHTERN, РЕТРО РЕЙВ","99, MACAN, Кино","99, LOVV66, Трап Трап","99, LOVV66, Трап Трап","99, Miyagi & Andy Panda, Yamakasi","99, Баста feat. Алёна Омаргалиева, Я поднимаюсь над землей (feat. Алёна Омаргалиева)","99, Idris & Leos, Образ","99, SLAVA MARLOW, Снова я напиваюсь","99, MORGENSHTERN, HUBLOT"
99,"100, Макс Барских, Zivert, BESTSELLER","100, MORGENSHTERN, HUBLOT","100, нексюша, На твиче","100, нексюша, На твиче","100, Асия, Как ты там","100, Karna.val, Ромашки","100, MORGENSHTERN, HUBLOT","100, Idris & Leos, Образ","100, Miyagi, По уши я в тебя влюблён"
